-- phpMyAdmin SQL Dump
-- version 4.7.4
-- https://www.phpmyadmin.net/
--
-- Host: 127.0.0.1
-- Generation Time: Nov 20, 2019 at 08:44 AM
-- Server version: 10.1.28-MariaDB
-- PHP Version: 7.1.11

SET SQL_MODE = "NO_AUTO_VALUE_ON_ZERO";
SET AUTOCOMMIT = 0;
START TRANSACTION;
SET time_zone = "+00:00";


/*!40101 SET @OLD_CHARACTER_SET_CLIENT=@@CHARACTER_SET_CLIENT */;
/*!40101 SET @OLD_CHARACTER_SET_RESULTS=@@CHARACTER_SET_RESULTS */;
/*!40101 SET @OLD_COLLATION_CONNECTION=@@COLLATION_CONNECTION */;
/*!40101 SET NAMES utf8mb4 */;

--
-- Database: `analisis`
--

-- --------------------------------------------------------

--
-- Table structure for table `a_star`
--

CREATE TABLE `a_star` (
  `id_perbandingan` int(10) NOT NULL,
  `id_awal` int(10) NOT NULL,
  `id_lakes` varchar(20) DEFAULT NULL,
  `node_awal` varchar(50) DEFAULT NULL,
  `node_tujuan` varchar(50) DEFAULT NULL,
  `jarak` int(50) DEFAULT NULL,
  `heuristic` int(50) DEFAULT NULL,
  `fn` int(50) DEFAULT NULL
) ENGINE=InnoDB DEFAULT CHARSET=latin1;

--
-- Dumping data for table `a_star`
--

INSERT INTO `a_star` (`id_perbandingan`, `id_awal`, `id_lakes`, `node_awal`, `node_tujuan`, `jarak`, `heuristic`, `fn`) VALUES
(0, 1, 'p04', 'A', 'C', 110, 326, 436),
(1, 1, 'p04', 'C', 'D', 134, 218, 352),
(2, 1, 'p04', 'C', 'B', 143, 257, 400),
(3, 1, 'p04', 'D', 'E', 178, 208, 386),
(4, 1, 'p04', 'D', 'H', 274, 211, 498),
(5, 1, 'p04', 'E', 'I', 324, 223, 547),
(6, 1, 'p04', 'I', 'K', 388, 83, 471),
(7, 1, 'p04', 'K', 'L', 397, 19, 416),
(8, 1, 'p04', 'H', 'I', 326, 69, 395),
(9, 1, 'p04', 'B', 'F', 268, 226, 494),
(10, 1, 'p04', 'F', 'G', 285, 134, 419),
(11, 1, 'p04', 'G', 'J', 352, 117, 469),
(12, 1, 'p04', 'J', 'L', 452, 13, 465),
(13, 1, 'k16', 'A1', 'B1', 33, 1184, 1217),
(14, 1, 'k16', 'B1', 'C1', 40, 1188, 1228),
(15, 1, 'k16', 'C1', 'D1', 53, 1201, 1254),
(16, 1, 'k16', 'D1', 'E1', 74, 1222, 1296),
(17, 1, 'k16', 'D1', 'J1', 180, 1233, 1413),
(18, 1, 'k16', 'E1', 'F1', 117, 1266, 1383),
(19, 1, 'k16', 'F1', 'G1', 138, 1287, 1425),
(20, 1, 'k16', 'G1', 'H1', 170, 1285, 1455),
(21, 1, 'k16', 'H1', 'I1', 203, 1318, 1521),
(22, 1, 'k16', 'J1', 'K1', 204, 1262, 1466),
(23, 1, 'k16', 'K1', 'L1', 240, 1297, 1537),
(24, 1, 'k16', 'I1', 'L1', 297, 1293, 1590),
(25, 1, 'k16', 'L1', 'M1', 324, 1271, 1595),
(26, 1, 'k16', 'M1', 'N1', 402, 1359, 1761),
(27, 1, 'k16', 'N1', 'O1', 472, 1428, 1900),
(28, 1, 'k16', 'O1', 'P1', 507, 1460, 1967),
(29, 1, 'k16', 'P1', 'Q1', 547, 407, 954),
(30, 1, 'k16', 'Q1', 'R1', 661, 309, 970),
(31, 1, 'k16', 'R1', 'S1', 754, 208, 962),
(32, 1, 'k16', 'S1', 'T1', 907, 86, 993),
(33, 1, 'k16', 'T1', 'U1', 941, 14, 955),
(34, 1, 'k16', 'R1', 'AD1', 971, 353, 1324),
(35, 1, 'k16', 'AD1', 'Y1', 764, 353, 1117),
(36, 1, 'k16', 'I1', 'V1', 465, 1355, 1820),
(37, 1, 'k16', 'V1', 'W1', 505, 1414, 1919),
(38, 1, 'k16', 'W1', 'X1', 595, 435, 1030),
(39, 1, 'k16', 'X1', 'Y1', 665, 421, 1086),
(40, 1, 'k16', 'Y1', 'Z1', 782, 293, 1075),
(41, 1, 'k16', 'Z1', 'AA1', 876, 263, 1139),
(42, 1, 'k16', 'AA1', 'AG1', 987, 276, 1263),
(43, 1, 'k16', 'AG1', 'AB1', 1013, 177, 1190),
(44, 1, 'k16', 'AB1', 'AC1', 1059, 148, 1207),
(45, 1, 'k16', 'AC1', 'T1', 1165, 91, 1256),
(46, 1, 'k16', 'AD1', 'AE1', 890, 235, 1125),
(47, 1, 'k16', 'AE1', 'AF1', 926, 242, 1168),
(48, 1, 'k16', 'AF1', 'AG1', 1039, 150, 1189),
(49, 1, 'rs06', 'A2', 'B2', 33, 111312, 111345),
(50, 1, 'rs06', 'B2', 'C2', 40, 111279, 111319),
(51, 1, 'rs06', 'B2', 'CV2', 153, 111278, 111431),
(52, 1, 'rs06', 'C2', 'D2', 53, 111272, 111325),
(53, 1, 'rs06', 'D2', 'E2', 74, 111275, 111349),
(54, 1, 'rs06', 'E2', 'F2', 117, 111282, 111399),
(55, 1, 'rs06', 'F2', 'G2', 138, 111282, 111420),
(56, 1, 'rs06', 'G2', 'H2', 170, 111277, 111447),
(57, 1, 'rs06', 'H2', 'I2', 203, 111244, 111447),
(58, 1, 'rs06', 'I2', 'J2', 389, 111234, 111623),
(59, 1, 'rs06', 'J2', 'K2', 540, 111417, 111957),
(63, 1, 'rs06', 'K2', 'L2', 584, 111569, 112153),
(64, 1, 'rs06', 'L2', 'U2', 658, 111681, 112339),
(65, 1, 'rs06', 'U2', 'DH2', 763, 111680, 112443),
(66, 1, 'rs06', 'DH2', 'V2', 1189, 1379, 2568),
(67, 1, 'rs06', 'V2', 'DI2', 1296, 1025, 2321),
(68, 1, 'rs06', 'DI2', 'AF2', 1441, 851, 2292),
(69, 1, 'rs06', 'AF2', 'AG2', 1632, 773, 2405),
(70, 1, 'rs06', 'AG2', 'AH2', 1985, 563, 2548),
(71, 1, 'rs06', 'AH2', 'AI2', 2095, 398, 2493),
(72, 1, 'rs06', 'AI2', 'AJ2', 2252, 293, 2545),
(73, 1, 'rs06', 'AJ2', 'AK2', 2322, 305, 2627),
(74, 1, 'rs06', 'AK2', 'AL2', 2529, 265, 2794),
(75, 1, 'rs06', 'AL2', 'AM2', 2752, 405, 3157),
(76, 1, 'rs06', 'AM2', 'AN2', 2834, 309, 3143),
(77, 1, 'rs06', 'AN2', 'AO2', 2884, 229, 3113),
(78, 1, 'rs06', 'AO2', 'AP2', 2974, 180, 3154),
(79, 1, 'rs06', 'AP2', 'AQ2', 3067, 92, 3159),
(80, 1, 'rs06', 'CV2', 'CW2', 203, 111247, 111450),
(81, 1, 'rs06', 'CW2', 'CX2', 394, 111199, 111593),
(82, 1, 'rs06', 'CX2', 'CY2', 474, 111009, 111483),
(83, 1, 'rs06', 'CY2', 'CZ2', 534, 111006, 111540),
(84, 1, 'rs06', 'CZ2', 'DA2', 854, 110991, 111845),
(85, 1, 'rs06', 'DA2', 'DB2', 1005, 110867, 111872),
(86, 1, 'rs06', 'DB2', 'DC2', 1148, 111010, 112158),
(87, 1, 'rs06', 'DC2', 'DD2', 1285, 110966, 112251),
(88, 1, 'rs06', 'DD2', 'DE2', 1346, 111103, 112449),
(89, 1, 'rs06', 'DE2', 'DF2', 1479, 111162, 112641),
(90, 1, 'rs06', 'DF2', 'BS2', 1609, 111284, 112893),
(91, 1, 'rs06', 'BS2', 'BR2', 1030, 111413, 112443),
(92, 1, 'rs06', 'BR2', 'BQ2', 1110, 111419, 112529),
(93, 1, 'rs06', 'BQ2', 'BP2', 1178, 111421, 112599),
(94, 1, 'rs06', 'BP2', 'BO2', 1213, 111456, 112669),
(95, 1, 'rs06', 'BO2', 'BN2', 1242, 111485, 112727),
(96, 1, 'rs06', 'BN2', 'BM2', 1278, 111521, 112799),
(97, 1, 'rs06', 'BM2', 'BL2', 1303, 111546, 112849),
(98, 1, 'rs06', 'BL2', 'BK2', 1334, 111574, 112908),
(99, 1, 'rs06', 'BK2', 'BJ2', 1508, 1261, 2769),
(100, 1, 'rs06', 'BJ2', 'BI2', 1533, 1228, 2761),
(101, 1, 'rs06', 'BI2', 'BH2', 1558, 1205, 2763),
(102, 1, 'rs06', 'BH2', 'BG2', 1593, 1182, 2775),
(103, 1, 'rs06', 'BG2', 'BF2', 1623, 1158, 2781),
(104, 1, 'rs06', 'BF2', 'BE2', 1706, 1084, 2790),
(105, 1, 'rs06', 'BE2', 'BD2', 1740, 1058, 2798),
(106, 1, 'rs06', 'BD2', 'BC2', 1771, 1031, 2802),
(107, 1, 'rs06', 'BC2', 'BB2', 1806, 1002, 2808),
(108, 1, 'rs06', 'BB2', 'BA2', 1974, 855, 2829),
(109, 1, 'rs06', 'BA2', 'AZ2', 2145, 806, 2951),
(110, 1, 'rs06', 'AZ2', 'AY2', 2225, 692, 2917),
(111, 1, 'rs06', 'AY2', 'AX2', 2521, 440, 2961),
(112, 1, 'rs06', 'AX2', 'AW2', 2674, 391, 3065),
(113, 1, 'rs06', 'AW2', 'AV2', 2741, 421, 3162),
(114, 1, 'rs06', 'AV2', 'AU2', 2765, 366, 3131),
(115, 1, 'rs06', 'AU2', 'AT2', 2791, 338, 3129),
(116, 1, 'rs06', 'AT2', 'AS2', 2940, 270, 3210),
(117, 1, 'rs06', 'AS2', 'CM2', 3087, 124, 3211),
(118, 1, 'rs06', 'CM2', 'AR2', 3095, 47, 3142),
(119, 1, 'rs06', 'AR2', 'AQ2', 3142, 8, 3150),
(120, 1, 'rs06', 'BI2', 'CL2', 1572, 1198, 2770),
(121, 1, 'rs06', 'CL2', 'CK2', 1757, 1026, 2783),
(122, 1, 'rs06', 'CK2', 'CJ2', 1817, 975, 2792),
(123, 1, 'rs06', 'CJ2', 'CI2', 1892, 920, 2812),
(124, 1, 'rs06', 'CI2', 'CH2', 1943, 893, 2836),
(125, 1, 'rs06', 'CH2', 'CG2', 2123, 749, 2872),
(126, 1, 'rs06', 'CG2', 'CF2', 2238, 624, 2862),
(127, 1, 'rs06', 'CF2', 'CE2', 2246, 621, 2867),
(128, 1, 'rs06', 'CE2', 'CD2', 2508, 368, 2876),
(129, 1, 'rs06', 'CD2', 'CC2', 2515, 371, 2886),
(130, 1, 'rs06', 'CC2', 'AS2', 2756, 143, 2899),
(131, 1, 'rs06', 'CG2', 'CU2', 2198, 729, 2927),
(132, 1, 'rs06', 'CU2', 'CT2', 2378, 633, 3011),
(133, 1, 'rs06', 'CT2', 'CS2', 2453, 564, 3017),
(134, 1, 'rs06', 'CS2', 'CR2', 2583, 445, 3028),
(135, 1, 'rs06', 'CR2', 'CQ2', 2644, 398, 3042),
(136, 1, 'rs06', 'CQ2', 'CP2', 2681, 362, 3043),
(137, 1, 'rs06', 'CP2', 'CO2', 2704, 338, 3042),
(138, 1, 'rs06', 'CO2', 'CN2', 2752, 299, 3051),
(139, 1, 'rs06', 'CN2', 'CM2', 3002, 151, 3153),
(140, 1, 'rs06', 'A2', 'P2', 109, 111419, 111528),
(141, 1, 'rs06', 'P2', 'O2', 158, 111435, 111593),
(142, 1, 'rs06', 'O2', 'N2', 218, 111494, 111712),
(143, 1, 'rs06', 'N2', 'M2', 284, 111558, 111842),
(144, 1, 'rs06', 'M2', 'L2', 444, 111609, 112053),
(145, 1, 'rs06', 'P2', 'Q2', 180, 111419, 111599),
(146, 1, 'rs06', 'Q2', 'R2', 326, 111392, 111718),
(147, 1, 'rs06', 'R2', 'S2', 390, 111532, 111922),
(148, 1, 'rs06', 'S2', 'CB2', 444, 111580, 112024),
(149, 1, 'rs06', 'CB2', 'CA2', 491, 111568, 112059),
(150, 1, 'rs06', 'CA2', 'BZ2', 601, 111537, 112138),
(151, 1, 'rs06', 'BZ2', 'BY2', 719, 111503, 112222),
(152, 1, 'rs06', 'BY2', 'BX2', 751, 111486, 112237),
(153, 1, 'rs06', 'BX2', 'BW2', 818, 111443, 112261),
(154, 1, 'rs06', 'BW2', 'BV2', 842, 111430, 112272),
(155, 1, 'rs06', 'BV2', 'BU2', 1346, 111420, 112766),
(156, 1, 'rs06', 'BU2', 'BT2', 915, 111418, 112333),
(157, 1, 'rs06', 'BT2', 'BS2', 969, 111413, 112382),
(158, 1, 'rs06', 'S2', 'T2', 502, 111595, 112097),
(159, 1, 'rs06', 'T2', 'U2', 671, 111629, 112300);

-- --------------------------------------------------------

--
-- Table structure for table `djikstra`
--

CREATE TABLE `djikstra` (
  `id` int(10) NOT NULL,
  `id_awal` varchar(50) NOT NULL,
  `id_lakes` varchar(50) NOT NULL,
  `node_awal` varchar(50) NOT NULL,
  `node_akhir` varchar(50) NOT NULL,
  `jarak` varchar(50) NOT NULL
) ENGINE=InnoDB DEFAULT CHARSET=latin1;

--
-- Dumping data for table `djikstra`
--

INSERT INTO `djikstra` (`id`, `id_awal`, `id_lakes`, `node_awal`, `node_akhir`, `jarak`) VALUES
(1, '', '', 'A', 'C', '110'),
(2, '', '', 'C', 'B', '33'),
(3, '', '', 'C', 'D', '24'),
(4, '', '', 'D', 'H', '140'),
(5, '', '', 'D', 'E', '44'),
(6, '', '', 'E', 'I', '146'),
(7, '', '', 'I', 'K', '64'),
(8, '', '', 'A1', 'B1', '33'),
(9, '', '', 'B1', 'C1', '7'),
(10, '', '', 'C1', 'D1', '13'),
(11, '', '', 'D1', 'E1', '21'),
(12, '', '', 'D1', 'J1', '127'),
(13, '', '', 'E1', 'F1', '43'),
(14, '', '', 'F1', 'G1', '21'),
(15, '', '', 'G1', 'H1', '32'),
(16, '', '', 'H1', 'I1', '33'),
(17, '', '', 'I1', 'L1', '94'),
(18, '', '', 'I1', 'V1', '262'),
(19, '', '', 'L1', 'K1', '187'),
(20, '', '', 'L1', 'M1', '84'),
(21, '', '', 'M1', 'N1', '78'),
(22, '', '', 'N1', 'O1', '70'),
(23, '', '', 'O1', 'P1', '35'),
(24, '', '', 'P1', 'Q1', '40'),
(25, '', '', 'Q1', 'R1', '114'),
(26, '', '', 'R1', 'S1', '93'),
(27, '', '', 'R1', 'AD1', '207'),
(28, '', '', 'S1', 'T1', '153'),
(29, '', '', 'T1', 'U1', '34'),
(30, '', '', 'A2', 'B2', '33'),
(31, '', '', 'A2', 'P2', '109'),
(32, '', '', 'B2', 'C2', '7'),
(33, '', '', 'B2', 'CV2', '120'),
(34, '', '', 'C2', 'D2', '13'),
(35, '', '', 'D2', 'E2', '21'),
(36, '', '', 'E2', 'F2', '43'),
(37, '', '', 'F2', 'G2', '21'),
(38, '', '', 'G2', 'H2', '32'),
(39, '', '', 'H2', 'I2', '33'),
(40, '', '', 'I2', 'J2', '186'),
(41, '', '', 'J2', 'K2', '151'),
(42, '', '', 'K2', 'L2', '44'),
(43, '', '', 'L2', 'M2', '160'),
(44, '', '', 'L2', 'U2', '74'),
(45, '', '', 'U2', 'T2', '169'),
(46, '', '', 'U2', 'DH2', '105'),
(47, '', '', 'DH2', 'V2', '426'),
(48, '', '', 'V2', 'DI2', '107'),
(49, '', '', 'DI2', 'AF2', '145'),
(50, '', '', 'AF2', 'AG2', '191'),
(51, '', '', 'AG2', 'AH2', '353'),
(52, '', '', 'AH2', 'AI2', '110'),
(53, '', '', 'AI2', 'AJ2', '157'),
(54, '', '', 'AJ2', 'AK2', '70'),
(55, '', '', 'AK2', 'AL2', '207'),
(56, '', '', 'AL2', 'AM2', '223'),
(57, '', '', 'AM2', 'AN2', '82'),
(58, '', '', 'AN2', 'AO2', '50'),
(59, '', '', 'AO2', 'AP2', '90'),
(60, '', '', 'AP2', 'AQ2', '93');

-- --------------------------------------------------------

--
-- Table structure for table `generate`
--

CREATE TABLE `generate` (
  `id_generate` int(10) NOT NULL,
  `id_awal` int(10) DEFAULT NULL,
  `id_lakes` varchar(20) DEFAULT NULL,
  `node_awal` varchar(50) DEFAULT NULL,
  `node_tujuan` varchar(50) DEFAULT NULL,
  `jarak` int(50) DEFAULT NULL,
  `rute` int(10) DEFAULT NULL
) ENGINE=InnoDB DEFAULT CHARSET=latin1;

--
-- Dumping data for table `generate`
--

INSERT INTO `generate` (`id_generate`, `id_awal`, `id_lakes`, `node_awal`, `node_tujuan`, `jarak`, `rute`) VALUES
(1, 1, 'p04', 'A', 'C', 110, 1),
(2, 1, 'p04', 'C', 'B', 33, 1),
(3, 1, 'p04', 'B', 'F', 125, 1),
(4, 1, 'p04', 'F', 'G', 17, 1),
(5, 1, 'p04', 'G', 'J', 67, 1),
(6, 1, 'p04', 'J', 'L', 100, 1),
(7, 1, 'p04', 'A', 'C', 110, 2),
(8, 1, 'p04', 'C', 'D', 24, 2),
(9, 1, 'p04', 'D', 'H', 140, 2),
(10, 1, 'p04', 'H', 'I', 52, 2),
(11, 1, 'p04', 'I', 'K', 64, 2),
(12, 1, 'p04', 'K', 'L', 9, 2),
(13, 1, 'p04', 'A', 'C', 110, 3),
(14, 1, 'p04', 'C', 'D', 24, 3),
(15, 1, 'p04', 'D', 'E', 44, 3),
(16, 1, 'p04', 'E', 'I', 146, 3),
(17, 1, 'p04', 'I', 'K', 64, 3),
(18, 1, 'p04', 'K', 'L', 9, 3),
(19, 1, 'k16', 'A1', 'B1', 33, 1),
(20, 1, 'k16', 'B1', 'C1', 7, 1),
(21, 1, 'k16', 'C1', 'D1', 13, 1),
(22, 1, 'k16', 'D1', 'J1', 127, 1),
(23, 1, 'k16', 'J1', 'K1', 24, 1),
(24, 1, 'k16', 'K1', 'L1', 36, 1),
(25, 1, 'k16', 'L1', 'M1', 84, 1),
(26, 1, 'k16', 'M1', 'N1', 78, 1),
(27, 1, 'k16', 'N1', 'O1', 70, 1),
(28, 1, 'k16', 'O1', 'P1', 35, 1),
(29, 1, 'k16', 'P1', 'Q1', 40, 1),
(30, 1, 'k16', 'Q1', 'R1', 114, 1),
(31, 1, 'k16', 'R1', 'S1', 93, 1),
(32, 1, 'k16', 'S1', 'T1', 153, 1),
(33, 1, 'k16', 'T1', 'U1', 34, 1),
(34, 1, 'k16', 'A1', 'B1', 33, 2),
(35, 1, 'k16', 'B1', 'C1', 7, 2),
(36, 1, 'k16', 'C1', 'D1', 13, 2),
(37, 1, 'k16', 'D1', 'J1', 127, 2),
(38, 1, 'k16', 'J1', 'K1', 24, 2),
(39, 1, 'k16', 'K1', 'L1', 36, 2),
(40, 1, 'k16', 'L1', 'M1', 84, 2),
(41, 1, 'k16', 'M1', 'N1', 78, 2),
(42, 1, 'k16', 'N1', 'O1', 70, 2),
(43, 1, 'k16', 'O1', 'P1', 35, 2),
(44, 1, 'k16', 'P1', 'Q1', 40, 2),
(45, 1, 'k16', 'Q1', 'R1', 114, 2),
(46, 1, 'k16', 'R1', 'AD1', 207, 2),
(47, 1, 'k16', 'AD1', 'AE1', 126, 2),
(48, 1, 'k16', 'AE1', 'AF1', 36, 2),
(49, 1, 'k16', 'AF1', 'AG1', 113, 2),
(50, 1, 'k16', 'AG1', 'AB1', 26, 2),
(51, 1, 'k16', 'AB1', 'AC1', 46, 2),
(52, 1, 'k16', 'AC1', 'T1', 106, 2),
(53, 1, 'k16', 'T1', 'U1', 34, 2),
(54, 1, 'k16', 'A1', 'B1', 33, 3),
(55, 1, 'k16', 'B1', 'C1', 7, 3),
(56, 1, 'k16', 'C1', 'D1', 13, 3),
(57, 1, 'k16', 'D1', 'J1', 127, 3),
(58, 1, 'k16', 'J1', 'K1', 24, 3),
(59, 1, 'k16', 'K1', 'L1', 36, 3),
(60, 1, 'k16', 'L1', 'M1', 84, 3),
(61, 1, 'k16', 'M1', 'N1', 78, 3),
(62, 1, 'k16', 'N1', 'O1', 70, 3),
(63, 1, 'k16', 'O1', 'P1', 35, 3),
(64, 1, 'k16', 'P1', 'Q1', 40, 3),
(65, 1, 'k16', 'Q1', 'R1', 114, 3),
(66, 1, 'k16', 'R1', 'AD1', 207, 3),
(67, 1, 'k16', 'AD1', 'Y1', 99, 3),
(68, 1, 'k16', 'Y1', 'Z1', 117, 3),
(69, 1, 'k16', 'Z1', 'AA1', 94, 3),
(70, 1, 'k16', 'AA1', 'AG1', 111, 3),
(71, 1, 'k16', 'AG1', 'AB1', 26, 3),
(72, 1, 'k16', 'AB1', 'AC1', 46, 3),
(73, 1, 'k16', 'AC1', 'T1', 106, 3),
(74, 1, 'k16', 'T1', 'U1', 34, 3),
(75, 1, 'k16', 'A1', 'B1', 33, 4),
(76, 1, 'k16', 'B1', 'C1', 7, 4),
(77, 1, 'k16', 'C1', 'D1', 13, 4),
(78, 1, 'k16', 'D1', 'J1', 127, 4),
(79, 1, 'k16', 'J1', 'K1', 24, 4),
(80, 1, 'k16', 'K1', 'L1', 36, 4),
(81, 1, 'k16', 'L1', 'I1', 94, 4),
(82, 1, 'k16', 'I1', 'V1', 262, 4),
(83, 1, 'k16', 'V1', 'W1', 40, 4),
(84, 1, 'k16', 'W1', 'X1', 90, 4),
(85, 1, 'k16', 'X1', 'Y1', 70, 4),
(86, 1, 'k16', 'Y1', 'AD1', 99, 4),
(87, 1, 'k16', 'AD1', 'R1', 207, 4),
(88, 1, 'k16', 'R1', 'S1', 93, 4),
(89, 1, 'k16', 'S1', 'T1', 153, 4),
(90, 1, 'k16', 'T1', 'U1', 34, 4),
(91, 1, 'k16', 'A1', 'B1', 33, 5),
(92, 1, 'k16', 'B1', 'C1', 7, 5),
(93, 1, 'k16', 'C1', 'D1', 13, 5),
(94, 1, 'k16', 'D1', 'J1', 127, 5),
(95, 1, 'k16', 'J1', 'K1', 24, 5),
(96, 1, 'k16', 'K1', 'L1', 36, 5),
(97, 1, 'k16', 'L1', 'I1', 94, 5),
(98, 1, 'k16', 'I1', 'V1', 262, 5),
(99, 1, 'k16', 'V1', 'W1', 40, 5),
(100, 1, 'k16', 'W1', 'X1', 90, 5),
(101, 1, 'k16', 'X1', 'Y1', 70, 5),
(102, 1, 'k16', 'Y1', 'AD1', 99, 5),
(103, 1, 'k16', 'AD1', 'AE1', 126, 5),
(104, 1, 'k16', 'AE1', 'AF1', 36, 5),
(105, 1, 'k16', 'AF1', 'AG1', 113, 5),
(106, 1, 'k16', 'AG1', 'AB1', 26, 5),
(107, 1, 'k16', 'AB1', 'AC1', 46, 5),
(108, 1, 'k16', 'AC1', 'T1', 106, 5),
(109, 1, 'k16', 'T1', 'U1', 34, 5),
(110, 1, 'k16', 'A1', 'B1', 33, 6),
(111, 1, 'k16', 'B1', 'C1', 7, 6),
(112, 1, 'k16', 'C1', 'D1', 13, 6),
(113, 1, 'k16', 'D1', 'J1', 127, 6),
(114, 1, 'k16', 'J1', 'K1', 24, 6),
(115, 1, 'k16', 'K1', 'L1', 36, 6),
(116, 1, 'k16', 'L1', 'I1', 94, 6),
(117, 1, 'k16', 'I1', 'V1', 262, 6),
(118, 1, 'k16', 'V1', 'W1', 40, 6),
(119, 1, 'k16', 'W1', 'X1', 90, 6),
(120, 1, 'k16', 'X1', 'Y1', 70, 6),
(121, 1, 'k16', 'Y1', 'Z1', 117, 6),
(122, 1, 'k16', 'Z1', 'AA1', 94, 6),
(123, 1, 'k16', 'AA1', 'AG1', 111, 6),
(124, 1, 'k16', 'AG1', 'AB1', 26, 6),
(125, 1, 'k16', 'AB1', 'AC1', 46, 6),
(126, 1, 'k16', 'AC1', 'T1', 106, 6),
(127, 1, 'k16', 'T1', 'U1', 34, 6),
(128, 1, 'k16', 'A1', 'B1', 33, 7),
(129, 1, 'k16', 'B1', 'C1', 7, 7),
(130, 1, 'k16', 'C1', 'D1', 13, 7),
(131, 1, 'k16', 'D1', 'E1', 21, 7),
(132, 1, 'k16', 'E1', 'F1', 43, 7),
(133, 1, 'k16', 'F1', 'G1', 21, 7),
(134, 1, 'k16', 'G1', 'H1', 32, 7),
(135, 1, 'k16', 'H1', 'I1', 33, 7),
(136, 1, 'k16', 'I1', 'L1', 94, 7),
(137, 1, 'k16', 'L1', 'M1', 84, 7),
(138, 1, 'k16', 'M1', 'N1', 78, 7),
(139, 1, 'k16', 'N1', 'O1', 70, 7),
(140, 1, 'k16', 'O1', 'P1', 35, 7),
(141, 1, 'k16', 'P1', 'Q1', 40, 7),
(142, 1, 'k16', 'Q1', 'R1', 114, 7),
(143, 1, 'k16', 'R1', 'S1', 93, 7),
(144, 1, 'k16', 'S1', 'T1', 153, 7),
(145, 1, 'k16', 'T1', 'U1', 34, 7),
(146, 1, 'k16', 'A1', 'B1', 33, 8),
(147, 1, 'k16', 'B1', 'C1', 7, 8),
(148, 1, 'k16', 'C1', 'D1', 13, 8),
(149, 1, 'k16', 'D1', 'E1', 21, 8),
(150, 1, 'k16', 'E1', 'F1', 43, 8),
(151, 1, 'k16', 'F1', 'G1', 21, 8),
(152, 1, 'k16', 'G1', 'H1', 32, 8),
(153, 1, 'k16', 'H1', 'I1', 33, 8),
(154, 1, 'k16', 'I1', 'L1', 94, 8),
(155, 1, 'k16', 'L1', 'M1', 84, 8),
(156, 1, 'k16', 'M1', 'N1', 78, 8),
(157, 1, 'k16', 'N1', 'O1', 70, 8),
(158, 1, 'k16', 'O1', 'P1', 35, 8),
(159, 1, 'k16', 'P1', 'Q1', 40, 8),
(160, 1, 'k16', 'Q1', 'R1', 114, 8),
(161, 1, 'k16', 'R1', 'AD1', 207, 8),
(162, 1, 'k16', 'AD1', 'AE1', 126, 8),
(163, 1, 'k16', 'AE1', 'AF1', 36, 8),
(164, 1, 'k16', 'AF1', 'AG1', 113, 8),
(165, 1, 'k16', 'AG1', 'AB1', 26, 8),
(166, 1, 'k16', 'AB1', 'AC1', 46, 8),
(167, 1, 'k16', 'AC1', 'T1', 106, 8),
(168, 1, 'k16', 'T1', 'U1', 34, 8),
(169, 1, 'k16', 'A1', 'B1', 33, 9),
(170, 1, 'k16', 'B1', 'C1', 7, 9),
(171, 1, 'k16', 'C1', 'D1', 13, 9),
(172, 1, 'k16', 'D1', 'E1', 21, 9),
(173, 1, 'k16', 'E1', 'F1', 43, 9),
(174, 1, 'k16', 'F1', 'G1', 21, 9),
(175, 1, 'k16', 'G1', 'H1', 32, 9),
(176, 1, 'k16', 'H1', 'I1', 33, 9),
(177, 1, 'k16', 'I1', 'L1', 94, 9),
(178, 1, 'k16', 'L1', 'M1', 84, 9),
(179, 1, 'k16', 'M1', 'N1', 78, 9),
(180, 1, 'k16', 'N1', 'O1', 70, 9),
(181, 1, 'k16', 'O1', 'P1', 35, 9),
(182, 1, 'k16', 'P1', 'Q1', 40, 9),
(183, 1, 'k16', 'Q1', 'R1', 114, 9),
(184, 1, 'k16', 'R1', 'AD1', 207, 9),
(185, 1, 'k16', 'AD1', 'Y1', 99, 9),
(186, 1, 'k16', 'Y1', 'Z1', 117, 9),
(187, 1, 'k16', 'Z1', 'AA1', 94, 9),
(188, 1, 'k16', 'AA1', 'AG1', 111, 9),
(189, 1, 'k16', 'AG1', 'AB1', 26, 9),
(190, 1, 'k16', 'AB1', 'AC1', 46, 9),
(191, 1, 'k16', 'AC1', 'T1', 106, 9),
(192, 1, 'k16', 'T1', 'U1', 34, 9),
(193, 1, 'k16', 'A1', 'B1', 33, 10),
(194, 1, 'k16', 'B1', 'C1', 7, 10),
(195, 1, 'k16', 'C1', 'D1', 13, 10),
(196, 1, 'k16', 'D1', 'E1', 21, 10),
(197, 1, 'k16', 'E1', 'F1', 43, 10),
(198, 1, 'k16', 'F1', 'G1', 21, 10),
(199, 1, 'k16', 'G1', 'H1', 32, 10),
(200, 1, 'k16', 'H1', 'I1', 33, 10),
(201, 1, 'k16', 'I1', 'V1', 262, 10),
(202, 1, 'k16', 'V1', 'W1', 40, 10),
(203, 1, 'k16', 'W1', 'X1', 90, 10),
(204, 1, 'k16', 'X1', 'Y1', 70, 10),
(205, 1, 'k16', 'Y1', 'AD1', 99, 10),
(206, 1, 'k16', 'AD1', 'R1', 207, 10),
(207, 1, 'k16', 'R1', 'S1', 93, 10),
(208, 1, 'k16', 'S1', 'T1', 153, 10),
(209, 1, 'k16', 'T1', 'U1', 34, 10),
(210, 1, 'k16', 'A1', 'B1', 33, 11),
(211, 1, 'k16', 'B1', 'C1', 7, 11),
(212, 1, 'k16', 'C1', 'D1', 13, 11),
(213, 1, 'k16', 'D1', 'E1', 21, 11),
(214, 1, 'k16', 'E1', 'F1', 43, 11),
(215, 1, 'k16', 'F1', 'G1', 21, 11),
(216, 1, 'k16', 'G1', 'H1', 32, 11),
(217, 1, 'k16', 'H1', 'I1', 33, 11),
(218, 1, 'k16', 'I1', 'V1', 262, 11),
(219, 1, 'k16', 'V1', 'W1', 40, 11),
(220, 1, 'k16', 'W1', 'X1', 90, 11),
(221, 1, 'k16', 'X1', 'Y1', 70, 11),
(222, 1, 'k16', 'Y1', 'AD1', 99, 11),
(223, 1, 'k16', 'AD1', 'AE1', 126, 11),
(224, 1, 'k16', 'AE1', 'AF1', 36, 11),
(225, 1, 'k16', 'AF1', 'AG1', 113, 11),
(226, 1, 'k16', 'AG1', 'AB1', 26, 11),
(227, 1, 'k16', 'AB1', 'AC1', 46, 11),
(228, 1, 'k16', 'AC1', 'T1', 106, 11),
(229, 1, 'k16', 'T1', 'U1', 34, 11),
(230, 1, 'k16', 'A1', 'B1', 33, 12),
(231, 1, 'k16', 'B1', 'C1', 7, 12),
(232, 1, 'k16', 'C1', 'D1', 13, 12),
(233, 1, 'k16', 'D1', 'E1', 21, 12),
(234, 1, 'k16', 'E1', 'F1', 43, 12),
(235, 1, 'k16', 'F1', 'G1', 21, 12),
(236, 1, 'k16', 'G1', 'H1', 32, 12),
(237, 1, 'k16', 'H1', 'I1', 33, 12),
(238, 1, 'k16', 'I1', 'V1', 262, 12),
(239, 1, 'k16', 'V1', 'W1', 40, 12),
(240, 1, 'k16', 'W1', 'X1', 90, 12),
(241, 1, 'k16', 'X1', 'Y1', 70, 12),
(242, 1, 'k16', 'Y1', 'Z1', 117, 12),
(243, 1, 'k16', 'Z1', 'AA1', 94, 12),
(244, 1, 'k16', 'AA1', 'AG1', 111, 12),
(245, 1, 'k16', 'AG1', 'AB1', 26, 12),
(246, 1, 'k16', 'AB1', 'AC1', 46, 12),
(247, 1, 'k16', 'AC1', 'T1', 106, 12),
(248, 1, 'k16', 'T1', 'U1', 34, 12),
(249, 1, 'rs06', 'A2', ' B2', 33, 1),
(250, 1, 'rs06', 'B2', 'C2', 7, 1),
(251, 1, 'rs06', 'C2', 'D2', 13, 1),
(252, 1, 'rs06', 'D2', 'E2', 21, 1),
(253, 1, 'rs06', 'E2', 'F2', 43, 1),
(254, 1, 'rs06', 'F2', 'G2', 21, 1),
(255, 1, 'rs06', 'G2', 'H2', 32, 1),
(256, 1, 'rs06', 'H2', 'I2', 33, 1),
(257, 1, 'rs06', 'I2', 'J2', 186, 1),
(258, 1, 'rs06', 'J2', 'K2', 151, 1),
(259, 1, 'rs06', 'K2', 'L2', 44, 1),
(260, 1, 'rs06', 'L2', 'U2', 74, 1),
(261, 1, 'rs06', 'U2', 'DH2', 105, 1),
(262, 1, 'rs06', 'DH2', 'V2', 426, 1),
(263, 1, 'rs06', 'V2', 'DI2', 107, 1),
(264, 1, 'rs06', 'DI2', 'AF2', 145, 1),
(265, 1, 'rs06', 'AF2', 'AG2', 191, 1),
(266, 1, 'rs06', 'AG2', 'AH2', 353, 1),
(267, 1, 'rs06', 'AH2', 'AI2', 110, 1),
(268, 1, 'rs06', 'AI2', 'AJ2', 157, 1),
(269, 1, 'rs06', 'AJ2', 'AK2', 70, 1),
(270, 1, 'rs06', 'AK2', 'AL2', 207, 1),
(271, 1, 'rs06', 'AL2', 'AM2', 223, 1),
(272, 1, 'rs06', 'AM2', 'AN2', 82, 1),
(273, 1, 'rs06', 'AN2', 'AO2', 50, 1),
(274, 1, 'rs06', 'AO2', 'AP2', 90, 1),
(275, 1, 'rs06', 'AP2', 'AQ2', 93, 1),
(276, 1, 'rs06', 'A2', 'P2', 109, 2),
(277, 1, 'rs06', 'P2', 'O2', 49, 2),
(278, 1, 'rs06', 'O2', 'N2', 60, 2),
(279, 1, 'rs06', 'N2', 'M2', 66, 2),
(280, 1, 'rs06', 'M2', 'L2', 160, 2),
(281, 1, 'rs06', 'L2', 'U2', 74, 2),
(282, 1, 'rs06', 'U2', 'DH2', 105, 2),
(283, 1, 'rs06', 'DH2', 'V2', 426, 2),
(284, 1, 'rs06', 'V2', 'DI2', 107, 2),
(285, 1, 'rs06', 'DI2', 'AF2', 145, 2),
(286, 1, 'rs06', 'AF2', 'AG2', 191, 2),
(287, 1, 'rs06', 'AG2', 'AH2', 353, 2),
(288, 1, 'rs06', 'AH2', 'AI2', 110, 2),
(289, 1, 'rs06', 'AI2', 'AJ2', 157, 2),
(290, 1, 'rs06', 'AJ2', 'AK2', 70, 2),
(291, 1, 'rs06', 'AK2', 'AL2', 207, 2),
(292, 1, 'rs06', 'AL2', 'AM2', 223, 2),
(293, 1, 'rs06', 'AM2', 'AN2', 82, 2),
(294, 1, 'rs06', 'AN2', 'AO2', 50, 2),
(295, 1, 'rs06', 'AO2', 'AP2', 90, 2),
(296, 1, 'rs06', 'AP2', 'AQ2', 93, 2),
(297, 1, 'rs06', 'A2', 'P2', 109, 3),
(298, 1, 'rs06', 'P2', 'Q2', 71, 3),
(299, 1, 'rs06', 'Q2', 'R2', 146, 3),
(300, 1, 'rs06', 'R2', 'S2', 64, 3),
(301, 1, 'rs06', 'S2', 'T2', 112, 3),
(302, 1, 'rs06', 'T2', 'U2', 169, 3),
(303, 1, 'rs06', 'U2', 'DH2', 105, 3),
(304, 1, 'rs06', 'DH2', 'V2', 426, 3),
(305, 1, 'rs06', 'V2', 'DI2', 107, 3),
(306, 1, 'rs06', 'DI2', 'AF2', 145, 3),
(307, 1, 'rs06', 'AF2', 'AG2', 191, 3),
(308, 1, 'rs06', 'AG2', 'AH2', 353, 3),
(309, 1, 'rs06', 'AH2', 'AI2', 110, 3),
(310, 1, 'rs06', 'AI2', 'AJ2', 157, 3),
(311, 1, 'rs06', 'AJ2', 'AK2', 70, 3),
(312, 1, 'rs06', 'AK2', 'AL2', 207, 3),
(313, 1, 'rs06', 'AL2', 'AM2', 223, 3),
(314, 1, 'rs06', 'AM2', 'AN2', 82, 3),
(315, 1, 'rs06', 'AN2', 'AO2', 50, 3),
(316, 1, 'rs06', 'AO2', 'AP2', 90, 3),
(317, 1, 'rs06', 'AP2', 'AQ2', 93, 3),
(318, 1, 'rs06', 'A2', 'B2', 33, 4),
(319, 1, 'rs06', 'B2', 'CV2', 120, 4),
(320, 1, 'rs06', 'CV2', 'CW2', 50, 4),
(321, 1, 'rs06', 'CW2', 'CX2', 191, 4),
(322, 1, 'rs06', 'CX2', 'CY2', 80, 4),
(323, 1, 'rs06', 'CY2', 'CZ2', 60, 4),
(324, 1, 'rs06', 'CZ2', 'DA2', 320, 4),
(325, 1, 'rs06', 'DA2', 'DB2', 151, 4),
(326, 1, 'rs06', 'DB2', 'DC2', 143, 4),
(327, 1, 'rs06', 'DC2', 'DD2', 137, 4),
(328, 1, 'rs06', 'DD2', 'DE2', 61, 4),
(329, 1, 'rs06', 'DE2', 'DF2', 133, 4),
(330, 1, 'rs06', 'DF2', 'BS2', 130, 4),
(331, 1, 'rs06', 'BS2', 'BT2', 54, 4),
(332, 1, 'rs06', 'BT2', 'BU2', 45, 4),
(333, 1, 'rs06', 'BU2', 'BV2', 28, 4),
(334, 1, 'rs06', 'BV2', 'BW2', 24, 4),
(335, 1, 'rs06', 'BW2', 'BX2', 67, 4),
(336, 1, 'rs06', 'BX2', 'BY2', 32, 4),
(337, 1, 'rs06', 'BY2', 'BZ2', 118, 4),
(338, 1, 'rs06', 'BZ2', 'CA2', 110, 4),
(339, 1, 'rs06', 'CA2', 'CB2', 47, 4),
(340, 1, 'rs06', 'CB2', 'S2', 54, 4),
(341, 1, 'rs06', 'S2', 'T2', 112, 4),
(342, 1, 'rs06', 'T2', 'U2', 169, 4),
(343, 1, 'rs06', 'U2', 'DH2', 105, 4),
(344, 1, 'rs06', 'DH2', 'V2', 426, 4),
(345, 1, 'rs06', 'V2', 'DI2', 107, 4),
(346, 1, 'rs06', 'DI2', 'AF2', 145, 4),
(347, 1, 'rs06', 'AF2', 'AG2', 191, 4),
(348, 1, 'rs06', 'AG2', 'AH2', 353, 4),
(349, 1, 'rs06', 'AH2', 'AI2', 110, 4),
(350, 1, 'rs06', 'AI2', 'AJ2', 157, 4),
(351, 1, 'rs06', 'AJ2', 'AK2', 70, 4),
(352, 1, 'rs06', 'AK2', 'AL2', 207, 4),
(353, 1, 'rs06', 'AL2', 'AM2', 223, 4),
(354, 1, 'rs06', 'AM2', 'AN2', 82, 4),
(355, 1, 'rs06', 'AN2', 'AO2', 50, 4),
(356, 1, 'rs06', 'AO2', 'AP2', 90, 4),
(357, 1, 'rs06', 'AP2', 'AQ2', 93, 4),
(358, 1, 'rs06', 'A2', 'B2', 33, 5),
(359, 1, 'rs06', 'B2', 'CV2', 120, 5),
(360, 1, 'rs06', 'CV2', 'CW2', 50, 5),
(361, 1, 'rs06', 'CW2', 'CX2', 191, 5),
(362, 1, 'rs06', 'CX2', 'CY2', 80, 5),
(363, 1, 'rs06', 'CY2', 'CZ2', 60, 5),
(364, 1, 'rs06', 'CZ2', 'DA2', 320, 5),
(365, 1, 'rs06', 'DA2', 'DB2', 151, 5),
(366, 1, 'rs06', 'DB2', 'DC2', 143, 5),
(367, 1, 'rs06', 'DC2', 'DD2', 137, 5),
(368, 1, 'rs06', 'DD2', 'DE2', 61, 5),
(369, 1, 'rs06', 'DE2', 'DF2', 133, 5),
(370, 1, 'rs06', 'DF2', 'BS2', 130, 5),
(371, 1, 'rs06', 'BS2', 'BT2', 54, 5),
(372, 1, 'rs06', 'BT2', 'BU2', 45, 5),
(373, 1, 'rs06', 'BU2', 'BV2', 28, 5),
(374, 1, 'rs06', 'BV2', 'BW2', 24, 5),
(375, 1, 'rs06', 'BW2', 'BX2', 67, 5),
(376, 1, 'rs06', 'BX2', 'BY2', 32, 5),
(377, 1, 'rs06', 'BY2', 'BZ2', 118, 5),
(378, 1, 'rs06', 'BZ2', 'CA2', 110, 5),
(379, 1, 'rs06', 'CA2', 'CB2', 47, 5),
(380, 1, 'rs06', 'S2', 'R2', 64, 5),
(381, 1, 'rs06', 'R2', 'Q2', 146, 5),
(382, 1, 'rs06', 'Q2', 'P2', 71, 5),
(383, 1, 'rs06', 'P2', 'O2', 49, 5),
(384, 1, 'rs06', 'O2', 'N2', 60, 5),
(385, 1, 'rs06', 'N2', 'M2', 66, 5),
(386, 1, 'rs06', 'M2', 'L2', 160, 5),
(387, 1, 'rs06', 'L2', 'U2', 74, 5),
(388, 1, 'rs06', 'U2', 'DH2', 105, 5),
(389, 1, 'rs06', 'DH2', 'V2', 426, 5),
(390, 1, 'rs06', 'V2', 'DI2', 107, 5),
(391, 1, 'rs06', 'DI2', 'AF2', 145, 5),
(392, 1, 'rs06', 'AF2', 'AG2', 191, 5),
(393, 1, 'rs06', 'AG2', 'AH2', 353, 5),
(394, 1, 'rs06', 'AH2', 'AI2', 110, 5),
(395, 1, 'rs06', 'AI2', 'AJ2', 157, 5),
(396, 1, 'rs06', 'AJ2', 'AK2', 70, 5),
(397, 1, 'rs06', 'AK2', 'AL2', 207, 5),
(398, 1, 'rs06', 'AL2', 'AM2', 223, 5),
(399, 1, 'rs06', 'AM2', 'AN2', 82, 5),
(400, 1, 'rs06', 'AN2', 'AO2', 50, 5),
(401, 1, 'rs06', 'AO2', 'AP2', 90, 5),
(402, 1, 'rs06', 'AP2', 'AQ2', 93, 5),
(403, 1, 'rs06', 'A2', 'B2', 33, 6),
(404, 1, 'rs06', 'B2', 'CV2', 120, 6),
(405, 1, 'rs06', 'CV2', 'CW2', 50, 6),
(406, 1, 'rs06', 'CW2', 'CX2', 191, 6),
(407, 1, 'rs06', 'CX2', 'CY2', 80, 6),
(408, 1, 'rs06', 'CY2', 'CZ2', 60, 6),
(409, 1, 'rs06', 'CZ2', 'DA2', 320, 6),
(410, 1, 'rs06', 'DA2', 'DB2', 151, 6),
(411, 1, 'rs06', 'DB2', 'DC2', 143, 6),
(412, 1, 'rs06', 'DC2', 'DD2', 137, 6),
(413, 1, 'rs06', 'DD2', 'DE2', 61, 6),
(414, 1, 'rs06', 'DE2', 'DF2', 133, 6),
(415, 1, 'rs06', 'DF2', 'BS2', 130, 6),
(416, 1, 'rs06', 'BS2', 'BR2', 61, 6),
(417, 1, 'rs06', 'BR2', 'BQ2', 80, 6),
(418, 1, 'rs06', 'BQ2', 'BP2', 68, 6),
(419, 1, 'rs06', 'BP2', 'BO2', 35, 6),
(420, 1, 'rs06', 'BO2', 'BN2', 29, 6),
(421, 1, 'rs06', 'BN2', 'BM2', 36, 6),
(422, 1, 'rs06', 'BM2', 'BL2', 25, 6),
(423, 1, 'rs06', 'BL2', 'BK2', 31, 6),
(424, 1, 'rs06', 'BK2', 'BJ2', 174, 6),
(425, 1, 'rs06', 'BJ2', 'BI2', 25, 6),
(426, 1, 'rs06', 'BI2', 'BH2', 25, 6),
(427, 1, 'rs06', 'BH2', 'BG2', 35, 6),
(428, 1, 'rs06', 'BG2', 'BF2', 30, 6),
(429, 1, 'rs06', 'BF2', 'BE2', 83, 6),
(430, 1, 'rs06', 'BE2', 'BD2', 34, 6),
(431, 1, 'rs06', 'BD2', 'BC2', 31, 6),
(432, 1, 'rs06', 'BC2', 'BB2', 35, 6),
(433, 1, 'rs06', 'BB2', 'BA2', 168, 6),
(434, 1, 'rs06', 'BA2', 'AZ2', 171, 6),
(435, 1, 'rs06', 'AZ2', 'AY2', 80, 6),
(436, 1, 'rs06', 'AY2', 'AX2', 296, 6),
(437, 1, 'rs06', 'AX2', 'AW2', 153, 6),
(438, 1, 'rs06', 'AW2', 'AV2', 67, 6),
(439, 1, 'rs06', 'AV2', 'AU2', 24, 6),
(440, 1, 'rs06', 'AU2', 'AT2', 26, 6),
(441, 1, 'rs06', 'AT2', 'AS2', 149, 6),
(442, 1, 'rs06', 'AS2', 'CM2', 139, 6),
(443, 1, 'rs06', 'CM2', 'AR2', 8, 6),
(444, 1, 'rs06', 'AR2', 'AQ2', 47, 6),
(445, 1, 'rs06', 'A2', 'B2', 33, 7),
(446, 1, 'rs06', 'B2', 'CV2', 120, 7),
(447, 1, 'rs06', 'CV2', 'CW2', 50, 7),
(448, 1, 'rs06', 'CW2', 'CX2', 191, 7),
(449, 1, 'rs06', 'CX2', 'CY2', 80, 7),
(450, 1, 'rs06', 'CY2', 'CZ2', 60, 7),
(451, 1, 'rs06', 'CZ2', 'DA2', 320, 7),
(452, 1, 'rs06', 'DA2', 'DB2', 151, 7),
(453, 1, 'rs06', 'DB2', 'DC2', 143, 7),
(454, 1, 'rs06', 'DC2', 'DD2', 137, 7),
(455, 1, 'rs06', 'DD2', 'DE2', 61, 7),
(456, 1, 'rs06', 'DE2', 'DF2', 133, 7),
(457, 1, 'rs06', 'DF2', 'BS2', 130, 7),
(458, 1, 'rs06', 'BS2', 'BR2', 61, 7),
(459, 1, 'rs06', 'BR2', 'BQ2', 80, 7),
(460, 1, 'rs06', 'BQ2', 'BP2', 68, 7),
(461, 1, 'rs06', 'BP2', 'BO2', 35, 7),
(462, 1, 'rs06', 'BO2', 'BN2', 29, 7),
(463, 1, 'rs06', 'BN2', 'BM2', 36, 7),
(464, 1, 'rs06', 'BM2', 'BL2', 25, 7),
(465, 1, 'rs06', 'BL2', 'BK2', 31, 7),
(466, 1, 'rs06', 'BK2', 'BJ2', 174, 7),
(467, 1, 'rs06', 'BJ2', 'BI2', 25, 7),
(468, 1, 'rs06', 'BI2', 'CL2', 39, 7),
(469, 1, 'rs06', 'CL2', 'CK2', 185, 7),
(470, 1, 'rs06', 'CK2', 'CJ2', 60, 7),
(471, 1, 'rs06', 'CJ2', 'CI2', 75, 7),
(472, 1, 'rs06', 'CI2', 'CH2', 51, 7),
(473, 1, 'rs06', 'CH2', 'CG2', 180, 7),
(474, 1, 'rs06', 'CG2', 'CF2', 115, 7),
(475, 1, 'rs06', 'CF2', 'CE2', 8, 7),
(476, 1, 'rs06', 'CE2', 'CD2', 262, 7),
(477, 1, 'rs06', 'CD2', 'CC2', 7, 7),
(478, 1, 'rs06', 'CC2', 'AS2', 241, 7),
(479, 1, 'rs06', 'AS2', 'CM2', 139, 7),
(480, 1, 'rs06', 'CM2', 'AR2', 8, 7),
(481, 1, 'rs06', 'AR2', 'AQ2', 47, 7),
(482, 1, 'rs06', 'A2', 'B2', 33, 8),
(483, 1, 'rs06', 'B2', 'CV2', 120, 8),
(484, 1, 'rs06', 'CV2', 'CW2', 50, 8),
(485, 1, 'rs06', 'CW2', 'CX2', 191, 8),
(486, 1, 'rs06', 'CX2', 'CY2', 80, 8),
(487, 1, 'rs06', 'CY2', 'CZ2', 60, 8),
(488, 1, 'rs06', 'CZ2', 'DA2', 320, 8),
(489, 1, 'rs06', 'DA2', 'DB2', 151, 8),
(490, 1, 'rs06', 'DB2', 'DC2', 143, 8),
(491, 1, 'rs06', 'DC2', 'DD2', 137, 8),
(492, 1, 'rs06', 'DD2', 'DE2', 61, 8),
(493, 1, 'rs06', 'DE2', 'DF2', 133, 8),
(494, 1, 'rs06', 'DF2', 'BS2', 130, 8),
(495, 1, 'rs06', 'BS2', 'BR2', 61, 8),
(496, 1, 'rs06', 'BR2', 'BQ2', 80, 8),
(497, 1, 'rs06', 'BQ2', 'BP2', 68, 8),
(498, 1, 'rs06', 'BP2', 'BO2', 35, 8),
(499, 1, 'rs06', 'BO2', 'BN2', 29, 8),
(500, 1, 'rs06', 'BN2', 'BM2', 36, 8),
(501, 1, 'rs06', 'BM2', 'BL2', 25, 8),
(502, 1, 'rs06', 'BL2', 'BK2', 31, 8),
(503, 1, 'rs06', 'BK2', 'BJ2', 174, 8),
(504, 1, 'rs06', 'BJ2', 'BI2', 25, 8),
(505, 1, 'rs06', 'BI2', 'CL2', 39, 8),
(506, 1, 'rs06', 'CL2', 'CK2', 185, 8),
(507, 1, 'rs06', 'CK2', 'CJ2', 60, 8),
(508, 1, 'rs06', 'CJ2', 'CI2', 75, 8),
(509, 1, 'rs06', 'CI2', 'CH2', 51, 8),
(510, 1, 'rs06', 'CH2', 'CG2', 180, 8),
(511, 1, 'rs06', 'CG2', 'CU2', 75, 8),
(512, 1, 'rs06', 'CU2', 'CT2', 180, 8),
(513, 1, 'rs06', 'CT2', 'CS2', 75, 8),
(514, 1, 'rs06', 'CS2', 'CR2', 130, 8),
(515, 1, 'rs06', 'CR2', 'CQ2', 61, 8),
(516, 1, 'rs06', 'CQ2', 'CP2', 37, 8),
(517, 1, 'rs06', 'CP2', 'CO2', 23, 8),
(518, 1, 'rs06', 'CO2', 'CN2', 48, 8),
(519, 1, 'rs06', 'CN2', 'CM2', 250, 8),
(520, 1, 'rs06', 'CM2', 'AR2', 8, 8),
(521, 1, 'rs06', 'AR2', 'AQ2', 47, 8),
(522, 1, 'rs06', 'A2', 'P2', 109, 9),
(523, 1, 'rs06', 'P2', 'Q2', 71, 9),
(524, 1, 'rs06', 'Q2', 'R2', 146, 9),
(525, 1, 'rs06', 'R2', 'S2', 64, 9),
(526, 1, 'rs06', 'S2', 'CB2', 54, 9),
(527, 1, 'rs06', 'CB2', 'CA2', 47, 9),
(528, 1, 'rs06', 'CA2', 'BZ2', 110, 9),
(529, 1, 'rs06', 'BZ2', 'BY2', 118, 9),
(530, 1, 'rs06', 'BY2', 'BX2', 32, 9),
(531, 1, 'rs06', 'BX2', 'BW2', 67, 9),
(532, 1, 'rs06', 'BW2', 'BV2', 24, 9),
(533, 1, 'rs06', 'BV2', 'BU2', 28, 9),
(534, 1, 'rs06', 'BU2', 'BT2', 45, 9),
(535, 1, 'rs06', 'BT2', 'BS2', 54, 9),
(536, 1, 'rs06', 'BS2', 'BR2', 61, 9),
(537, 1, 'rs06', 'BR2', 'BQ2', 80, 9),
(538, 1, 'rs06', 'BQ2', 'BP2', 68, 9),
(539, 1, 'rs06', 'BP2', 'BO2', 35, 9),
(540, 1, 'rs06', 'BO2', 'BN2', 29, 9),
(541, 1, 'rs06', 'BN2', 'BM2', 36, 9),
(542, 1, 'rs06', 'BM2', 'BL2', 25, 9),
(543, 1, 'rs06', 'BL2', 'BK2', 31, 9),
(544, 1, 'rs06', 'BK2', 'BJ2', 174, 9),
(545, 1, 'rs06', 'BJ2', 'BI2', 25, 9),
(546, 1, 'rs06', 'BI2', 'BH2', 25, 9),
(547, 1, 'rs06', 'BH2', 'BG2', 35, 9),
(548, 1, 'rs06', 'BG2', 'BF2', 30, 9),
(549, 1, 'rs06', 'BF2', 'BE2', 83, 9),
(550, 1, 'rs06', 'BE2', 'BD2', 34, 9),
(551, 1, 'rs06', 'BD2', 'BC2', 31, 9),
(552, 1, 'rs06', 'BC2', 'BB2', 35, 9),
(553, 1, 'rs06', 'BB2', 'BA2', 168, 9),
(554, 1, 'rs06', 'BA2', 'AZ2', 171, 9),
(555, 1, 'rs06', 'AZ2', 'AY2', 80, 9),
(556, 1, 'rs06', 'AY2', 'AX2', 296, 9),
(557, 1, 'rs06', 'AX2', 'AW2', 153, 9),
(558, 1, 'rs06', 'AW2', 'AV2', 67, 9),
(559, 1, 'rs06', 'AV2', 'AU2', 24, 9),
(560, 1, 'rs06', 'AU2', 'AT2', 26, 9),
(561, 1, 'rs06', 'AT2', 'AS2', 149, 9),
(562, 1, 'rs06', 'AS2', 'CM2', 139, 9),
(563, 1, 'rs06', 'CM2', 'AR2', 8, 9),
(564, 1, 'rs06', 'AR2', 'AQ2', 47, 9),
(565, 1, 'rs06', 'A2', 'P2', 109, 10),
(566, 1, 'rs06', 'P2', 'Q2', 71, 10),
(567, 1, 'rs06', 'Q2', 'R2', 146, 10),
(568, 1, 'rs06', 'R2', 'S2', 64, 10),
(569, 1, 'rs06', 'S2', 'CB2', 54, 10),
(570, 1, 'rs06', 'CB2', 'CA2', 47, 10),
(571, 1, 'rs06', 'CA2', 'BZ2', 110, 10),
(572, 1, 'rs06', 'BZ2', 'BY2', 118, 10),
(573, 1, 'rs06', 'BY2', 'BX2', 32, 10),
(574, 1, 'rs06', 'BX2', 'BW2', 67, 10),
(575, 1, 'rs06', 'BW2', 'BV2', 24, 10),
(576, 1, 'rs06', 'BV2', 'BU2', 28, 10),
(577, 1, 'rs06', 'BU2', 'BT2', 45, 10),
(578, 1, 'rs06', 'BT2', 'BS2', 54, 10),
(579, 1, 'rs06', 'BS2', 'BR2', 61, 10),
(580, 1, 'rs06', 'BR2', 'BQ2', 80, 10),
(581, 1, 'rs06', 'BQ2', 'BP2', 68, 10),
(582, 1, 'rs06', 'BP2', 'BO2', 35, 10),
(583, 1, 'rs06', 'BO2', 'BN2', 29, 10),
(584, 1, 'rs06', 'BN2', 'BM2', 36, 10),
(585, 1, 'rs06', 'BM2', 'BL2', 25, 10),
(586, 1, 'rs06', 'BL2', 'BK2', 31, 10),
(587, 1, 'rs06', 'BK2', 'BJ2', 174, 10),
(588, 1, 'rs06', 'BJ2', 'BI2', 25, 10),
(589, 1, 'rs06', 'BI2', 'CL2', 39, 10),
(590, 1, 'rs06', 'CL2', 'CK2', 185, 10),
(591, 1, 'rs06', 'CK2', 'CJ2', 60, 10),
(592, 1, 'rs06', 'CJ2', 'CI2', 75, 10),
(593, 1, 'rs06', 'CI2', 'CH2', 51, 10),
(594, 1, 'rs06', 'CH2', 'CG2', 180, 10),
(595, 1, 'rs06', 'CG2', 'CF2', 115, 10),
(596, 1, 'rs06', 'CF2', 'CE2', 8, 10),
(597, 1, 'rs06', 'CE2', 'CD2', 262, 10),
(598, 1, 'rs06', 'CD2', 'CC2', 7, 10),
(599, 1, 'rs06', 'CC2', 'AS2', 241, 10),
(600, 1, 'rs06', 'AS2', 'CM2', 139, 10),
(601, 1, 'rs06', 'CM2', 'AR2', 8, 10),
(602, 1, 'rs06', 'AR2', 'AQ2', 47, 10),
(603, 1, 'rs06', 'A2', 'P2', 109, 11),
(604, 1, 'rs06', 'P2', 'Q2', 71, 11),
(605, 1, 'rs06', 'Q2', 'R2', 146, 11),
(606, 1, 'rs06', 'R2', 'S2', 64, 11),
(607, 1, 'rs06', 'S2', 'CB2', 54, 11),
(608, 1, 'rs06', 'CB2', 'CA2', 47, 11),
(609, 1, 'rs06', 'CA2', 'BZ2', 110, 11),
(610, 1, 'rs06', 'BZ2', 'BY2', 118, 11),
(611, 1, 'rs06', 'BY2', 'BX2', 32, 11),
(612, 1, 'rs06', 'BX2', 'BW2', 67, 11),
(613, 1, 'rs06', 'BW2', 'BV2', 24, 11),
(614, 1, 'rs06', 'BV2', 'BU2', 28, 11),
(615, 1, 'rs06', 'BU2', 'BT2', 45, 11),
(616, 1, 'rs06', 'BT2', 'BS2', 54, 11),
(617, 1, 'rs06', 'BS2', 'BR2', 61, 11),
(618, 1, 'rs06', 'BR2', 'BQ2', 80, 11),
(619, 1, 'rs06', 'BQ2', 'BP2', 68, 11),
(620, 1, 'rs06', 'BP2', 'BO2', 35, 11),
(621, 1, 'rs06', 'BO2', 'BN2', 29, 11),
(622, 1, 'rs06', 'BN2', 'BM2', 36, 11),
(623, 1, 'rs06', 'BM2', 'BL2', 25, 11),
(624, 1, 'rs06', 'BL2', 'BK2', 31, 11),
(625, 1, 'rs06', 'BK2', 'BJ2', 174, 11),
(626, 1, 'rs06', 'BJ2', 'BI2', 25, 11),
(627, 1, 'rs06', 'BI2', 'CL2', 39, 11),
(628, 1, 'rs06', 'CL2', 'CK2', 185, 11),
(629, 1, 'rs06', 'CK2', 'CJ2', 60, 11),
(630, 1, 'rs06', 'CJ2', 'CI2', 75, 11),
(631, 1, 'rs06', 'CI2', 'CH2', 51, 11),
(632, 1, 'rs06', 'CH2', 'CG2', 180, 11),
(633, 1, 'rs06', 'CG2', 'CU2', 75, 11),
(634, 1, 'rs06', 'CU2', 'CT2', 180, 11),
(635, 1, 'rs06', 'CT2', 'CS2', 75, 11),
(636, 1, 'rs06', 'CS2', 'CR2', 130, 11),
(637, 1, 'rs06', 'CR2', 'CQ2', 61, 11),
(638, 1, 'rs06', 'CQ2', 'CP2', 37, 11),
(639, 1, 'rs06', 'CP2', 'CO2', 23, 11),
(640, 1, 'rs06', 'CO2', 'CN2', 48, 11),
(641, 1, 'rs06', 'CN2', 'CM2', 250, 11),
(642, 1, 'rs06', 'CM2', 'AR2', 8, 11),
(643, 1, 'rs06', 'AR2', 'AQ2', 47, 11),
(644, 1, NULL, 'A2', 'B2', 33, 12),
(645, 1, NULL, 'B2', 'C2', 7, 12),
(646, 1, NULL, 'C2', 'D2', 13, 12),
(647, 1, NULL, 'D2', 'E2', 21, 12),
(648, 1, NULL, 'E2', 'F2', 43, 12),
(649, 1, NULL, 'F2', 'G2', 21, 12),
(650, 1, NULL, 'G2', 'H2', 32, 12),
(651, 1, NULL, 'H2', 'I2', 33, 12),
(652, 1, NULL, 'I2', 'J2', 186, 12),
(653, 1, NULL, 'J2', 'K2', 151, 12),
(654, 1, NULL, 'K2', 'L2', 44, 12),
(655, 1, NULL, 'L2', 'M2', 160, 12),
(656, 1, NULL, 'M2', 'N2', 66, 12),
(657, 1, NULL, 'N2', 'O2', 60, 12),
(658, 1, NULL, 'O2', 'P2', 49, 12),
(659, 1, NULL, 'P2', 'Q2', 71, 12),
(660, 1, NULL, 'Q2', 'R2', 146, 12),
(661, 1, NULL, 'R2', 'S2', 64, 12),
(662, 1, NULL, 'S2', 'CB2', 54, 12),
(663, 1, NULL, 'CB2', 'CA2', 47, 12),
(664, 1, NULL, 'CA2', 'BZ2', 110, 12),
(665, 1, NULL, 'BZ2', 'BY2', 118, 12),
(666, 1, NULL, 'BY2', 'BX2', 32, 12),
(667, 1, NULL, 'BX2', 'BW2', 67, 12),
(668, 1, NULL, 'BW2', 'BV2', 24, 12),
(669, 1, NULL, 'BV2', 'BU2', 28, 12),
(670, 1, NULL, 'BU2', 'BT2', 45, 12),
(671, 1, NULL, 'BT2', 'BS2', 54, 12),
(672, 1, NULL, 'BS2', 'BR2', 61, 12),
(673, 1, NULL, 'BR2', 'BQ2', 80, 12),
(674, 1, NULL, 'BQ2', 'BP2', 68, 12),
(675, 1, NULL, 'BP2', 'BO2', 35, 12),
(676, 1, NULL, 'BO2', 'BN2', 29, 12),
(677, 1, NULL, 'BN2', 'BM2', 36, 12),
(678, 1, NULL, 'BM2', 'BL2', 25, 12),
(679, 1, NULL, 'BL2', 'BK2', 31, 12),
(680, 1, NULL, 'BK2', 'BJ2', 174, 12),
(681, 1, NULL, 'BJ2', 'BI2', 25, 12),
(682, 1, NULL, 'BI2', 'BH2', 25, 12),
(683, 1, NULL, 'BH2', 'BG2', 35, 12),
(684, 1, NULL, 'BG2', 'BF2', 30, 12),
(685, 1, NULL, 'BF2', 'BE2', 83, 12),
(686, 1, NULL, 'BE2', 'BD2', 34, 12),
(687, 1, NULL, 'BD2', 'BC2', 31, 12),
(688, 1, NULL, 'BC2', 'BB2', 35, 12),
(689, 1, NULL, 'BB2', 'BA2', 168, 12),
(690, 1, NULL, 'BA2', 'AZ2', 171, 12),
(691, 1, NULL, 'AZ2', 'AY2', 80, 12),
(692, 1, NULL, 'AY2', 'AX2', 296, 12),
(693, 1, NULL, 'AX2', 'AW2', 153, 12),
(694, 1, NULL, 'AW2', 'AV2', 67, 12),
(695, 1, NULL, 'AV2', 'AU2', 24, 12),
(696, 1, NULL, 'AU2', 'AT2', 26, 12),
(697, 1, NULL, 'AT2', 'AS2', 149, 12),
(698, 1, NULL, 'AS2', 'CM2', 139, 12),
(699, 1, NULL, 'CM2', 'AR2', 8, 12),
(700, 1, NULL, 'AR2', 'AQ2', 47, 12),
(701, 1, NULL, 'A2', 'B2', 33, 13),
(702, 1, NULL, 'B2', 'C2', 7, 13),
(703, 1, NULL, 'C2', 'D2', 13, 13),
(704, 1, NULL, 'D2', 'E2', 21, 13),
(705, 1, NULL, 'E2', 'F2', 43, 13),
(706, 1, NULL, 'F2', 'G2', 21, 13),
(707, 1, NULL, 'G2', 'H2', 32, 13),
(708, 1, NULL, 'H2', 'I2', 33, 13),
(709, 1, NULL, 'I2', 'J2', 186, 13),
(710, 1, NULL, 'J2', 'K2', 151, 13),
(711, 1, NULL, 'K2', 'L2', 44, 13),
(712, 1, NULL, 'L2', 'M2', 160, 13),
(713, 1, NULL, 'M2', 'N2', 66, 13),
(714, 1, NULL, 'N2', 'O2', 60, 13),
(715, 1, NULL, 'O2', 'P2', 49, 13),
(716, 1, NULL, 'P2', 'Q2', 71, 13),
(717, 1, NULL, 'Q2', 'R2', 146, 13),
(718, 1, NULL, 'R2', 'S2', 64, 13),
(719, 1, NULL, 'S2', 'CB2', 54, 13),
(720, 1, NULL, 'CB2', 'CA2', 47, 13),
(721, 1, NULL, 'CA2', 'BZ2', 110, 13),
(722, 1, NULL, 'BZ2', 'BY2', 118, 13),
(723, 1, NULL, 'BY2', 'BX2', 32, 13),
(724, 1, NULL, 'BX2', 'BW2', 67, 13),
(725, 1, NULL, 'BW2', 'BV2', 24, 13),
(726, 1, NULL, 'BV2', 'BU2', 28, 13),
(727, 1, NULL, 'BU2', 'BT2', 45, 13),
(728, 1, NULL, 'BT2', 'BS2', 54, 13),
(729, 1, NULL, 'BS2', 'BR2', 61, 13),
(730, 1, NULL, 'BR2', 'BQ2', 80, 13),
(731, 1, NULL, 'BQ2', 'BP2', 68, 13),
(732, 1, NULL, 'BP2', 'BO2', 35, 13),
(733, 1, NULL, 'BO2', 'BN2', 29, 13),
(734, 1, NULL, 'BN2', 'BM2', 36, 13),
(735, 1, NULL, 'BM2', 'BL2', 25, 13),
(736, 1, NULL, 'BL2', 'BK2', 31, 13),
(737, 1, NULL, 'BK2', 'BJ2', 174, 13),
(738, 1, NULL, 'BJ2', 'BI2', 25, 13),
(739, 1, NULL, 'BI2', 'CL2', 39, 13),
(740, 1, NULL, 'CL2', 'CK2', 185, 13),
(741, 1, NULL, 'CK2', 'CJ2', 60, 13),
(742, 1, NULL, 'CJ2', 'CI2', 75, 13),
(743, 1, NULL, 'CI2', 'CH2', 51, 13),
(744, 1, NULL, 'CH2', 'CG2', 180, 13),
(745, 1, NULL, 'CG2', 'CF2', 115, 13),
(746, 1, NULL, 'CF2', 'CE2', 8, 13),
(747, 1, NULL, 'CE2', 'CD2', 262, 13),
(748, 1, NULL, 'CD2', 'CC2', 7, 13),
(749, 1, NULL, 'CC2', 'AS2', 241, 13),
(750, 1, NULL, 'AS2', 'CM2', 139, 13),
(751, 1, NULL, 'CM2', 'AR2', 8, 13),
(752, 1, NULL, 'AR2', 'AQ2', 47, 13),
(753, 1, NULL, 'A2', 'B2', 33, 14),
(754, 1, NULL, 'B2', 'C2', 7, 14),
(755, 1, NULL, 'C2', 'D2', 13, 14),
(756, 1, NULL, 'D2', 'E2', 21, 14),
(757, 1, NULL, 'E2', 'F2', 43, 14),
(758, 1, NULL, 'F2', 'G2', 21, 14),
(759, 1, NULL, 'G2', 'H2', 32, 14),
(760, 1, NULL, 'H2', 'I2', 33, 14),
(761, 1, NULL, 'I2', 'J2', 186, 14),
(762, 1, NULL, 'J2', 'K2', 151, 14),
(763, 1, NULL, 'K2', 'L2', 44, 14),
(764, 1, NULL, 'L2', 'M2', 160, 14),
(765, 1, NULL, 'M2', 'N2', 66, 14),
(766, 1, NULL, 'N2', 'O2', 60, 14),
(767, 1, NULL, 'P2', 'Q2', 71, 14),
(768, 1, NULL, 'Q2', 'R2', 146, 14),
(769, 1, NULL, 'R2', 'S2', 64, 14),
(770, 1, NULL, 'S2', 'CB2', 54, 14),
(771, 1, NULL, 'CB2', 'CA2', 47, 14),
(772, 1, NULL, 'CA2', 'BZ2', 110, 14),
(773, 1, NULL, 'BZ2', 'BY2', 118, 14),
(774, 1, NULL, 'BY2', 'BX2', 32, 14),
(775, 1, NULL, 'BX2', 'BW2', 67, 14),
(776, 1, NULL, 'BW2', 'BV2', 24, 14),
(777, 1, NULL, 'BV2', 'BU2', 28, 14),
(778, 1, NULL, 'BU2', 'BT2', 45, 14),
(779, 1, NULL, 'BT2', 'BS2', 54, 14),
(780, 1, NULL, 'BS2', 'BR2', 61, 14),
(781, 1, NULL, 'BR2', 'BQ2', 80, 14),
(782, 1, NULL, 'BQ2', 'BP2', 68, 14),
(783, 1, NULL, 'BP2', 'BO2', 35, 14),
(784, 1, NULL, 'BO2', 'BN2', 29, 14),
(785, 1, NULL, 'BN2', 'BM2', 36, 14),
(786, 1, NULL, 'BM2', 'BL2', 25, 14),
(787, 1, NULL, 'BL2', 'BK2', 31, 14),
(788, 1, NULL, 'BK2', 'BJ2', 174, 14),
(789, 1, NULL, 'BJ2', 'BI2', 25, 14),
(790, 1, NULL, 'BI2', 'CL2', 39, 14),
(791, 1, NULL, 'CL2', 'CK2', 185, 14),
(792, 1, NULL, 'CK2', 'CJ2', 60, 14),
(793, 1, NULL, 'CJ2', 'CI2', 75, 14),
(794, 1, NULL, 'CI2', 'CH2', 51, 14),
(795, 1, NULL, 'CH2', 'CG2', 180, 14),
(796, 1, NULL, 'CG2', 'CU2', 75, 14),
(797, 1, NULL, 'CU2', 'CT2', 180, 14),
(798, 1, NULL, 'CT2', 'CS2', 75, 14),
(799, 1, NULL, 'CS2', 'CR2', 130, 14),
(800, 1, NULL, 'CR2', 'CQ2', 61, 14),
(801, 1, NULL, 'CQ2', 'CP2', 37, 14),
(802, 1, NULL, 'CP2', 'CO2', 23, 14),
(803, 1, NULL, 'CO2', 'CN2', 48, 14),
(804, 1, NULL, 'CN2', 'CM2', 250, 14),
(805, 1, NULL, 'CM2', 'AR2', 8, 14),
(806, 1, NULL, 'AR2', 'AQ2', 47, 14),
(807, 1, NULL, 'A2', 'B2', 33, 15),
(808, 1, NULL, 'B2', 'C2', 7, 15),
(809, 1, NULL, 'C2', 'D2', 13, 15),
(810, 1, NULL, 'D2', 'E2', 21, 15),
(811, 1, NULL, 'E2', 'F2', 43, 15),
(812, 1, NULL, 'F2', 'G2', 21, 15),
(813, 1, NULL, 'G2', 'H2', 32, 15),
(814, 1, NULL, 'H2', 'I2', 33, 15),
(815, 1, NULL, 'I2', 'J2', 186, 15),
(816, 1, NULL, 'J2', 'K2', 151, 15),
(817, 1, NULL, 'K2', 'L2', 44, 15),
(818, 1, NULL, 'L2', 'U2', 74, 15),
(819, 1, NULL, 'U2', 'T2', 169, 15),
(820, 1, NULL, 'T2', 'S2', 112, 15),
(821, 1, NULL, 'S2', 'CB2', 54, 15),
(822, 1, NULL, 'CB2', 'CA2', 47, 15),
(823, 1, NULL, 'CA2', 'BZ2', 110, 15),
(824, 1, NULL, 'BZ2', 'BY2', 118, 15),
(825, 1, NULL, 'BY2', 'BX2', 32, 15),
(826, 1, NULL, 'BX2', 'BW2', 67, 15),
(827, 1, NULL, 'BW2', 'BV2', 24, 15),
(828, 1, NULL, 'BV2', 'BU2', 28, 15),
(829, 1, NULL, 'BU2', 'BT2', 45, 15),
(830, 1, NULL, 'BT2', 'BS2', 54, 15),
(831, 1, NULL, 'BS2', 'BR2', 61, 15),
(832, 1, NULL, 'BR2', 'BQ2', 80, 15),
(833, 1, NULL, 'BQ2', 'BP2', 68, 15),
(834, 1, NULL, 'BP2', 'BO2', 35, 15),
(835, 1, NULL, 'BO2', 'BN2', 29, 15),
(836, 1, NULL, 'BN2', 'BM2', 36, 15),
(837, 1, NULL, 'BM2', 'BL2', 25, 15),
(838, 1, NULL, 'BL2', 'BK2', 31, 15),
(839, 1, NULL, 'BK2', 'BJ2', 174, 15),
(840, 1, NULL, 'BJ2', 'BI2', 25, 15),
(841, 1, NULL, 'BI2', 'BH2', 25, 15),
(842, 1, NULL, 'BH2', 'BG2', 35, 15),
(843, 1, NULL, 'BG2', 'BF2', 30, 15),
(844, 1, NULL, 'BF2', 'BE2', 83, 15),
(845, 1, NULL, 'BE2', 'BD2', 34, 15),
(846, 1, NULL, 'BD2', 'BC2', 31, 15),
(847, 1, NULL, 'BC2', 'BB2', 35, 15),
(848, 1, NULL, 'BB2', 'BA2', 168, 15),
(849, 1, NULL, 'BA2', 'AZ2', 171, 15),
(850, 1, NULL, 'AZ2', 'AY2', 80, 15),
(851, 1, NULL, 'AY2', 'AX2', 296, 15),
(852, 1, NULL, 'AX2', 'AW2', 153, 15),
(853, 1, NULL, 'AW2', 'AV2', 67, 15),
(854, 1, NULL, 'AV2', 'AU2', 24, 15),
(855, 1, NULL, 'AU2', 'AT2', 26, 15),
(856, 1, NULL, 'AT2', 'AS2', 149, 15),
(857, 1, NULL, 'AS2', 'CM2', 139, 15),
(858, 1, NULL, 'CM2', 'AR2', 8, 15),
(859, 1, NULL, 'AR2', 'AQ2', 47, 15),
(860, 1, NULL, 'A2', 'B2', 33, 16),
(861, 1, NULL, 'B2', 'C2', 7, 16),
(862, 1, NULL, 'C2', 'D2', 13, 16),
(863, 1, NULL, 'D2', 'E2', 21, 16),
(864, 1, NULL, 'E2', 'F2', 43, 16),
(865, 1, NULL, 'F2', 'G2', 21, 16),
(866, 1, NULL, 'G2', 'H2', 32, 16),
(867, 1, NULL, 'H2', 'I2', 33, 16),
(868, 1, NULL, 'I2', 'J2', 186, 16),
(869, 1, NULL, 'J2', 'K2', 151, 16),
(870, 1, NULL, 'K2', 'L2', 44, 16),
(871, 1, NULL, 'L2', 'U2', 74, 16),
(872, 1, NULL, 'U2', 'T2', 169, 16),
(873, 1, NULL, 'T2', 'S2', 112, 16),
(874, 1, NULL, 'S2', 'CB2', 54, 16),
(875, 1, NULL, 'CB2', 'CA2', 47, 16),
(876, 1, NULL, 'CA2', 'BZ2', 110, 16),
(877, 1, NULL, 'BZ2', 'BY2', 118, 16),
(878, 1, NULL, 'BY2', 'BX2', 32, 16),
(879, 1, NULL, 'BX2', 'BW2', 67, 16),
(880, 1, NULL, 'BW2', 'BV2', 24, 16),
(881, 1, NULL, 'BV2', 'BU2', 28, 16),
(882, 1, NULL, 'BU2', 'BT2', 45, 16),
(883, 1, NULL, 'BT2', 'BS2', 54, 16),
(884, 1, NULL, 'BS2', 'BR2', 61, 16),
(885, 1, NULL, 'BR2', 'BQ2', 80, 16),
(886, 1, NULL, 'BQ2', 'BP2', 68, 16),
(887, 1, NULL, 'BP2', 'BO2', 35, 16),
(888, 1, NULL, 'BO2', 'BN2', 29, 16),
(889, 1, NULL, 'BN2', 'BM2', 36, 16),
(890, 1, NULL, 'BM2', 'BL2', 25, 16),
(891, 1, NULL, 'BL2', 'BK2', 31, 16),
(892, 1, NULL, 'BK2', 'BJ2', 174, 16),
(893, 1, NULL, 'BJ2', 'BI2', 25, 16),
(894, 1, NULL, 'BI2', 'CL2', 39, 16),
(895, 1, NULL, 'CL2', 'CK2', 185, 16),
(896, 1, NULL, 'CK2', 'CJ2', 60, 16),
(897, 1, NULL, 'CJ2', 'CI2', 75, 16),
(898, 1, NULL, 'CI2', 'CH2', 51, 16),
(899, 1, NULL, 'CH2', 'CG2', 180, 16),
(900, 1, NULL, 'CG2', 'CF2', 115, 16),
(901, 1, NULL, 'CF2', 'CE2', 8, 16),
(902, 1, NULL, 'CE2', 'CD2', 262, 16),
(903, 1, NULL, 'CD2', 'CC2', 7, 16),
(904, 1, NULL, 'CC2', 'AS2', 241, 16),
(905, 1, NULL, 'AS2', 'CM2', 139, 16),
(906, 1, NULL, 'CM2', 'AR2', 8, 16),
(907, 1, NULL, 'AR2', 'AQ2', 47, 16),
(908, 1, NULL, 'A2', 'B2', 33, 17),
(909, 1, NULL, 'B2', 'C2', 7, 17),
(910, 1, NULL, 'C2', 'D2', 13, 17),
(911, 1, NULL, 'D2', 'E2', 21, 17),
(912, 1, NULL, 'E2', 'F2', 43, 17),
(913, 1, NULL, 'F2', 'G2', 21, 17),
(914, 1, NULL, 'G2', 'H2', 32, 17),
(915, 1, NULL, 'H2', 'I2', 33, 17),
(916, 1, NULL, 'I2', 'J2', 186, 17),
(917, 1, NULL, 'J2', 'K2', 151, 17),
(918, 1, NULL, 'K2', 'L2', 44, 17),
(919, 1, NULL, 'L2', 'U2', 74, 17),
(920, 1, NULL, 'U2', 'T2', 169, 17),
(921, 1, NULL, 'T2', 'S2', 112, 17),
(922, 1, NULL, 'S2', 'CB2', 54, 17),
(923, 1, NULL, 'CB2', 'CA2', 47, 17),
(924, 1, NULL, 'CA2', 'BZ2', 110, 17),
(925, 1, NULL, 'BZ2', 'BY2', 118, 17),
(926, 1, NULL, 'BY2', 'BX2', 32, 17),
(927, 1, NULL, 'BX2', 'BW2', 67, 17),
(928, 1, NULL, 'BW2', 'BV2', 24, 17),
(929, 1, NULL, 'BV2', 'BU2', 28, 17),
(930, 1, NULL, 'BU2', 'BT2', 45, 17),
(931, 1, NULL, 'BT2', 'BS2', 54, 17),
(932, 1, NULL, 'BS2', 'BR2', 61, 17),
(933, 1, NULL, 'BR2', 'BQ2', 80, 17),
(934, 1, NULL, 'BQ2', 'BP2', 68, 17),
(935, 1, NULL, 'BP2', 'BO2', 35, 17),
(936, 1, NULL, 'BO2', 'BN2', 29, 17),
(937, 1, NULL, 'BN2', 'BM2', 36, 17),
(938, 1, NULL, 'BM2', 'BL2', 25, 17),
(939, 1, NULL, 'BL2', 'BK2', 31, 17),
(940, 1, NULL, 'BK2', 'BJ2', 174, 17),
(941, 1, NULL, 'BJ2', 'BI2', 25, 17),
(942, 1, NULL, 'BI2', 'CL2', 39, 17),
(943, 1, NULL, 'CL2', 'CK2', 185, 17),
(944, 1, NULL, 'CK2', 'CJ2', 60, 17),
(945, 1, NULL, 'CJ2', 'CI2', 75, 17),
(946, 1, NULL, 'CI2', 'CH2', 51, 17),
(947, 1, NULL, 'CH2', 'CG2', 180, 17),
(948, 1, NULL, 'CG2', 'CU2', 75, 17),
(949, 1, NULL, 'CU2', 'CT2', 180, 17),
(950, 1, NULL, 'CT2', 'CS2', 75, 17),
(951, 1, NULL, 'CS2', 'CR2', 130, 17),
(952, 1, NULL, 'CR2', 'CQ2', 61, 17),
(953, 1, NULL, 'CQ2', 'CP2', 37, 17),
(954, 1, NULL, 'CP2', 'CO2', 23, 17),
(955, 1, NULL, 'CO2', 'CN2', 48, 17),
(956, 1, NULL, 'CN2', 'CM2', 250, 17),
(957, 1, NULL, 'CM2', 'AR2', 8, 17),
(958, 1, NULL, 'AR2', 'AQ2', 47, 17),
(959, 1, NULL, 'A2', 'P2', 109, 18),
(960, 1, NULL, 'P2', 'O2', 49, 18),
(961, 1, NULL, 'O2', 'N2', 60, 18),
(962, 1, NULL, 'N2', 'M2', 66, 18),
(963, 1, NULL, 'M2', 'L2', 160, 18),
(964, 1, NULL, 'L2', 'U2', 74, 18),
(965, 1, NULL, 'U2', 'T2', 169, 18),
(966, 1, NULL, 'T2', 'S2', 112, 18),
(967, 1, NULL, 'S2', 'CB2', 54, 18),
(968, 1, NULL, 'CB2', 'CA2', 47, 18),
(969, 1, NULL, 'CA2', 'BZ2', 110, 18),
(970, 1, NULL, 'BZ2', 'BY2', 118, 18),
(971, 1, NULL, 'BY2', 'BX2', 32, 18),
(972, 1, NULL, 'BX2', 'BW2', 67, 18),
(973, 1, NULL, 'BW2', 'BV2', 24, 18),
(974, 1, NULL, 'BV2', 'BU2', 28, 18),
(975, 1, NULL, 'BU2', 'BT2', 45, 18),
(976, 1, NULL, 'BT2', 'BS2', 54, 18),
(977, 1, NULL, 'BS2', 'BR2', 61, 18),
(978, 1, NULL, 'BR2', 'BQ2', 80, 18),
(979, 1, NULL, 'BQ2', 'BP2', 68, 18),
(980, 1, NULL, 'BP2', 'BO2', 35, 18),
(981, 1, NULL, 'BO2', 'BN2', 29, 18),
(982, 1, NULL, 'BN2', 'BM2', 36, 18),
(983, 1, NULL, 'BM2', 'BL2', 25, 18),
(984, 1, NULL, 'BL2', 'BK2', 31, 18),
(985, 1, NULL, 'BK2', 'BJ2', 174, 18),
(986, 1, NULL, 'BJ2', 'BI2', 25, 18),
(987, 1, NULL, 'BI2', 'BH2', 25, 18),
(988, 1, NULL, 'BH2', 'BG2', 35, 18),
(989, 1, NULL, 'BG2', 'BF2', 30, 18),
(990, 1, NULL, 'BF2', 'BE2', 83, 18),
(991, 1, NULL, 'BE2', 'BD2', 34, 18),
(992, 1, NULL, 'BD2', 'BC2', 31, 18),
(993, 1, NULL, 'BC2', 'BB2', 35, 18),
(994, 1, NULL, 'BB2', 'BA2', 168, 18),
(995, 1, NULL, 'BA2', 'AZ2', 171, 18),
(996, 1, NULL, 'AZ2', 'AY2', 80, 18),
(997, 1, NULL, 'AY2', 'AX2', 286, 18),
(998, 1, NULL, 'AX2', 'AW2', 153, 18),
(999, 1, NULL, 'AW2', 'AV2', 67, 18),
(1000, 1, NULL, 'AV2', 'AU2', 24, 18),
(1001, 1, NULL, 'AU2', 'AT2', 26, 18),
(1002, 1, NULL, 'AT2', 'AS2', 149, 18),
(1003, 1, NULL, 'AS2', 'CM2', 139, 18),
(1004, 1, NULL, 'CM2', 'AR2', 8, 18),
(1005, 1, NULL, 'AR2', 'AQ2', 47, 18),
(1006, 1, NULL, 'A2', 'P2', 109, 19),
(1007, 1, NULL, 'P2', 'O2', 49, 19),
(1008, 1, NULL, 'O2', 'N2', 60, 19),
(1009, 1, NULL, 'N2', 'M2', 66, 19),
(1010, 1, NULL, 'M2', 'L2', 160, 19),
(1011, 1, NULL, 'L2', 'U2', 74, 19),
(1012, 1, NULL, 'U2', 'T2', 169, 19),
(1013, 1, NULL, 'T2', 'S2', 112, 19),
(1014, 1, NULL, 'S2', 'CB2', 54, 19),
(1015, 1, NULL, 'CB2', 'CA2', 47, 19),
(1016, 1, NULL, 'CA2', 'BZ2', 110, 19),
(1017, 1, NULL, 'BZ2', 'BY2', 118, 19),
(1018, 1, NULL, 'BY2', 'BX2', 32, 19),
(1019, 1, NULL, 'BX2', 'BW2', 67, 19),
(1020, 1, NULL, 'BW2', 'BV2', 24, 19),
(1021, 1, NULL, 'BV2', 'BU2', 28, 19),
(1022, 1, NULL, 'BU2', 'BT2', 45, 19),
(1023, 1, NULL, 'BT2', 'BS2', 54, 19),
(1024, 1, NULL, 'BS2', 'BR2', 61, 19),
(1025, 1, NULL, 'BR2', 'BQ2', 80, 19),
(1026, 1, NULL, 'BQ2', 'BP2', 68, 19),
(1027, 1, NULL, 'BP2', 'BO2', 35, 19),
(1028, 1, NULL, 'BO2', 'BN2', 29, 19),
(1029, 1, NULL, 'BN2', 'BM2', 36, 19),
(1030, 1, NULL, 'BM2', 'BL2', 25, 19),
(1031, 1, NULL, 'BL2', 'BK2', 31, 19),
(1032, 1, NULL, 'BK2', 'BJ2', 174, 19),
(1033, 1, NULL, 'BJ2', 'BI2', 25, 19),
(1034, 1, NULL, 'BI2', 'CL2', 39, 19),
(1035, 1, NULL, 'CL2', 'CK2', 185, 19),
(1036, 1, NULL, 'CK2', 'CJ2', 60, 19),
(1037, 1, NULL, 'CJ2', 'CI2', 75, 19),
(1038, 1, NULL, 'CI2', 'CH2', 51, 19),
(1039, 1, NULL, 'CH2', 'CG2', 180, 19),
(1040, 1, NULL, 'CG2', 'CF2', 115, 19),
(1041, 1, NULL, 'CF2', 'CE2', 8, 19),
(1042, 1, NULL, 'CE2', 'CD2', 262, 19),
(1043, 1, NULL, 'CD2', 'CC2', 7, 19),
(1044, 1, NULL, 'CC2', 'AS2', 241, 19),
(1045, 1, NULL, 'AS2', 'CM2', 139, 19),
(1046, 1, NULL, 'CM2', 'AR2', 8, 19),
(1047, 1, NULL, 'AR2', 'AQ2', 47, 19),
(1048, 1, NULL, 'A2', 'P2', 109, 20),
(1049, 1, NULL, 'P2', 'O2', 49, 20),
(1050, 1, NULL, 'O2', 'N2', 60, 20),
(1051, 1, NULL, 'N2', 'M2', 66, 20),
(1052, 1, NULL, 'M2', 'L2', 160, 20),
(1053, 1, NULL, 'L2', 'U2', 74, 20),
(1054, 1, NULL, 'U2', 'T2', 169, 20),
(1055, 1, NULL, 'T2', 'S2', 112, 20),
(1056, 1, NULL, 'S2', 'CB2', 54, 20),
(1057, 1, NULL, 'CB2', 'CA2', 47, 20),
(1058, 1, NULL, 'CA2', 'BZ2', 110, 20),
(1059, 1, NULL, 'BZ2', 'BY2', 118, 20),
(1060, 1, NULL, 'BY2', 'BX2', 32, 20),
(1061, 1, NULL, 'BX2', 'BW2', 67, 20),
(1062, 1, NULL, 'BW2', 'BV2', 24, 20),
(1063, 1, NULL, 'BV2', 'BU2', 28, 20),
(1064, 1, NULL, 'BU2', 'BT2', 45, 20),
(1065, 1, NULL, 'BT2', 'BS2', 54, 20),
(1066, 1, NULL, 'BS2', 'BR2', 61, 20),
(1067, 1, NULL, 'BR2', 'BQ2', 80, 20),
(1068, 1, NULL, 'BQ2', 'BP2', 68, 20),
(1069, 1, NULL, 'BP2', 'BO2', 35, 20),
(1070, 1, NULL, 'BO2', 'BN2', 29, 20),
(1071, 1, NULL, 'BN2', 'BM2', 36, 20),
(1072, 1, NULL, 'BM2', 'BL2', 25, 20),
(1073, 1, NULL, 'BL2', 'BK2', 31, 20),
(1074, 1, NULL, 'BK2', 'BJ2', 174, 20),
(1075, 1, NULL, 'BJ2', 'BI2', 25, 20),
(1076, 1, NULL, 'BI2', 'CL2', 39, 20),
(1077, 1, NULL, 'CL2', 'CK2', 185, 20),
(1078, 1, NULL, 'CK2', 'CJ2', 60, 20),
(1079, 1, NULL, 'CJ2', 'CI2', 75, 20),
(1080, 1, NULL, 'CI2', 'CH2', 51, 20),
(1081, 1, NULL, 'CH2', 'CG2', 180, 20),
(1082, 1, NULL, 'CG2', 'CU2', 75, 20),
(1083, 1, NULL, 'CU2', 'CT2', 180, 20),
(1084, 1, NULL, 'CT2', 'CS2', 75, 20),
(1085, 1, NULL, 'CS2', 'CR2', 130, 20),
(1086, 1, NULL, 'CR2', 'CQ2', 61, 20),
(1087, 1, NULL, 'CQ2', 'CP2', 37, 20),
(1088, 1, NULL, 'CP2', 'CO2', 23, 20),
(1089, 1, NULL, 'CO2', 'CN2', 48, 20),
(1090, 1, NULL, 'CN2', 'CM2', 250, 20),
(1091, 1, NULL, 'CM2', 'AR2', 8, 20),
(1092, 1, NULL, 'AR2', 'AQ2', 47, 20);

-- --------------------------------------------------------

--
-- Table structure for table `klinik`
--

CREATE TABLE `klinik` (
  `id_klinik` int(100) NOT NULL,
  `lat_klinik` varchar(100) NOT NULL,
  `long_klinik` varchar(100) NOT NULL
) ENGINE=InnoDB DEFAULT CHARSET=latin1;

--
-- Dumping data for table `klinik`
--

INSERT INTO `klinik` (`id_klinik`, `lat_klinik`, `long_klinik`) VALUES
(1, '-8.00373', '112.619287'),
(2, '-8.002758', '112.619485'),
(3, '-8.002610', '112.619056'),
(4, '-8.001866', '112.619217'),
(5, '-8.001518', '112.61931'),
(6, '-8.00088', '112.619603'),
(7, '-8.001', '112.620529'),
(8, '-8.001175', '112.620582'),
(9, '-8.001741', '112.620451'),
(10, '-8.001613', '112.619995'),
(11, '-8.002811', '112.619684'),
(12, '-8.002758', '112.619485'),
(13, '-8.003005', '112.620090'),
(14, '-8.001741', '112.620451');

-- --------------------------------------------------------

--
-- Table structure for table `layanan_kesehatan`
--

CREATE TABLE `layanan_kesehatan` (
  `id_lakes` varchar(20) NOT NULL,
  `nama_lakes` varchar(100) NOT NULL,
  `alamat_lakes` varchar(100) NOT NULL
) ENGINE=InnoDB DEFAULT CHARSET=latin1;

--
-- Dumping data for table `layanan_kesehatan`
--

INSERT INTO `layanan_kesehatan` (`id_lakes`, `nama_lakes`, `alamat_lakes`) VALUES
('k01', 'PT.HM.Sampoerna,Tbk', 'Jl.Industri Barat No.2 Malang'),
('k02', 'Bentoel Medical Centre', 'Jl.Niaga No.25 Malang'),
('k03', 'UMM Medical Centre (UMC)', 'Jl.Bendungan Sutami No.318 Malang'),
('k04', 'Panti Rahayu', 'Jl.Simp.Borobudur No.1 Malang'),
('k05', 'Malang Eye Centre', 'Jl.Dr.Cipto No.3 Malang'),
('k06', 'Bunga Melati', 'Jl.Jaksa Agung Suprapto No.23 Malang'),
('k07', 'Keluarga Sejahtera', 'Jl.Pattimura No.14A Malang'),
('k08', 'Adi Bungsu', 'Jl.Ki Ageng Gribig No.1 Malang'),
('k09', 'Nayaka Husada 01', 'Jl.Ahmad Yani No.20 F Malang'),
('k10', 'Widya Husada', 'Jl.Sudimoro No.16 Malang'),
('k11', 'Higina Medical Centre', 'Jl.Ronggowarsito No.23 Malang'),
('k12', 'Panglima Sudirman', 'Jl.R.Tumenggung Suryo No.22 Malang'),
('k13', 'Karya Nusantara Medika', 'Jl.Maninjau Raya No.33 Malang'),
('k14', 'Sabilillah Medical Centre', 'Jl.Candi Kidal No.6 Malang'),
('k15', 'Telemedika Health Centre', 'Jl.Raya Danau Sentani Blok 4 Malang'),
('k16', 'RN.Klayatan', 'Jl.Klayatan III No.2'),
('k17', 'Kimia Farma Bromo', 'Jl.Bromo No.1'),
('k18', 'Bhayangkara Polres Kota Malang', 'Jl.Pahlawan Trip No.1'),
('k19', 'Wira Husada', 'Jl.S.Supriadi No.23'),
('k20', 'Bahrul Maghfiroh Cinta Indonesia', 'Jl.Batu Permata No.1'),
('k21', 'Rampal Denkesyah', 'Jl.Panglima Sudirman D 9A'),
('k22', 'Hamid Rusdi', 'Jl.Hamid Rusdi No.45'),
('k23', 'Delta', 'Jl.Raya Kepuh No.47'),
('k24', 'Intan Mandiri', 'Jl.Bandulan Barat Kav.2'),
('k25', 'A. Care Clinic\'s', 'Jl.S.Supriadi No.59B'),
('k26', 'G and G Health Clinic', 'Jl.Terusan Kawi No.9 Kav.9'),
('k27', 'Dinamika Sehat Sakwarase', 'Jl.Danau Maninjau Barat BI A47 Rt 03 Rw 08'),
('k28', 'Bunga Melati Panjaitan', 'Jl.Mayjen Panjaitan No.247 Kav.1'),
('k29', 'Adi Husada', 'Jl.Bukit Dieng Permai Blok A 10 Rt 07 Rw 05'),
('k30', 'Almira Medical Klinic', 'Jl.LA Sucipto 208'),
('k31', 'Tidar Medika', 'Jl.Esberg VI No.7'),
('k32', 'Esthetic Dental Care', 'Jl.Raya Danau Toba E9-01 Malang'),
('k33', 'Klinik Bersalin Maharani Tri Sehat Makmur', 'Jl.Candi Panggung Barat No.3 A'),
('k34', 'Klinik Bersalin Muhammadiyah', 'Jl.A.Yani No.165'),
('k35', 'Daqu Sehat', 'Jl.Terusan Sigura-gura No.15'),
('k36', 'Husada Prima', 'Jl.Tumenggung Suryo No.45'),
('k37', 'Argaraya Medika', 'Jl.Kalpataru No.39'),
('k38', 'Griyo Bromo', 'Jl.Bromo No.7'),
('k39', 'Elisa', 'Jl.Danau Toba E5/22'),
('k40', 'Sanan Medika', 'Jl.Tumenggung Suryo No.92'),
('k41', 'Medis Ontoseno', 'Jl.Ontoseno I No.2'),
('k42', 'Rahma Husada Celaket', 'Jl.J.A.Suprapto II No.69'),
('k43', 'Prodia', 'Jl.Jakarta No.60'),
('k44', 'SMEC', 'Jl.Sunandar Priyosudarmo No.55'),
('k45', 'Bunga Melati', 'Jl.Welirang No.27'),
('k46', 'Blimbing', 'Jl.LA Sucipto 179'),
('k47', 'Universitas Brawijaya', 'Jl.Veteran'),
('k48', 'Panti Gowindo', 'Jl.Manyar No.42'),
('k49', 'Margowaras', 'Jl.Mulyosari No.9'),
('k50', 'Arthetics', 'Jl.Soekarno Hatta Ruko Grand Soehat Kav.22 Malang'),
('k51', 'Esther House of Beauty', 'Jl.Yulius Usman No.64'),
('k52', 'Miracle Aesthetic Clinic', 'Jl.Wilis No.6'),
('k53', 'Belle Crown Lembah Dieng', 'Jl.Lembah Dieng No.6'),
('k54', 'London Beauty Centre', 'Jl.Kawi No.39'),
('k55', 'Natasha Skin Centre', 'Jl.Soekarno Hatta PTP II No.1 Kav.5&6'),
('k56', 'Natasha Skin Centre', 'Jl.Bondowoso No.19'),
('k57', 'Spesialis Kulit dan Kelamin Flonura Skin Care', 'Jl.Sarangan No.7'),
('k58', 'Spesialis Kulit & Kelamin Erha', 'Jl.Bromo Kav.1 dan 2'),
('k59', 'Naavagreen Natural Skin Care', 'Jl.Brigjen Slamet Riadi No.165 A'),
('k60', 'Larissa Aesthetic Centre', 'Jl.Arjuno No.17'),
('k61', 'Profira Aesthetic dan Antiaging', 'Jl.Retawu No.8'),
('k62', 'Aurell Skin Care', 'Jl.Kepundung No.50'),
('k63', 'Beauty Medika', 'Jl.Soekarno Hatta No.9 Kav.9'),
('k64', 'Queen Beauty Clinic dan Spa', 'Jl.Merbabu No.9 RT.3 RW.7'),
('k65', 'Glow Clinic', 'Jl.Danau Toba E-1 No.31'),
('k66', 'Beauty Rossa Skin Care', 'Jl.Terusan Candi Mendut M-2'),
('k67', 'Aurell Skin Care', 'Jl.MT.Haryono 131/22'),
('k68', 'eLBe', 'Jl.Ciujung No.28'),
('p01', 'Puskesmas Rawat Jalan Arjuno', 'Jl.Simpang Arjuno 17'),
('p02', 'Puskesmas Rawat Jalan Bareng', 'Jl.Bareng Tennes IVA/639'),
('p03', 'Puskesmas Rawat Jalan Cisadea', 'Jl.Cisadea 18'),
('p04', 'Puskesmas Rawat Jalan Janti', 'Jl.Janti Barat 88'),
('p05', 'Puskesmas Rawat Jalan Mulyorejo', 'Jl.Budi Utomo 11A'),
('p06', 'Puskesmas Rawat Jalan Gribig', 'Jl.Ki Ageng Gribig 97'),
('p07', 'Puskesmas Rawat Jalan Pandanwangi', 'Jl.LA Sucipto No.315'),
('p08', 'Puskesmas Rawat Jalan Ciptomulyo', 'Jl.Kol.Sugiono VIII/54'),
('p09', 'Puskesmas Rawat Jalan Arjowinangun', 'Jl.Raya Arjowinangun 2'),
('p10', 'Puskesmas Rawat Jalan Mojolangu', 'Jl.Sudimoro 17'),
('p11', 'Puskesmas Rawat Inap Dinoyo', 'Jl.MT.Haryono IX/13'),
('p12', 'Puskesmas Rawat Inap Kendalkerep', 'Jl.Sulfat 100'),
('p13', 'Puskesmas Rawat Inap Kendalsari', 'Jl.Cengger Ayam I/8'),
('p14', 'Puskesmas Rawat Inap Kedungkandang', 'Jl.Ki Ageng Gribig 242'),
('p15', 'Puskesmas Rawat Jalan Rampal Celaket', 'Jl.Kasembon'),
('p16', 'Puskesmas Rawat Inap Polowijen', 'Jl.Panji Suroso 9'),
('rs01', 'RSUD Dr.Saiful Anwar', 'Jl.Jaksa Agung Suprapto No.2 Malang'),
('rs02', 'RS Tk.II dr.Soepraoen', 'Jl.S.Supriadi No.22 Malang'),
('rs03', 'RS Panti Nirmala', 'Jl.Kebalen Wetan No.2-8 Malang'),
('rs04', 'RS Panti Waluya Sawahan', 'Jl.Nusakambangan No.56 Malang'),
('rs05', 'RS Lavalette', 'Jl.WR.Supratman No.10 Malang'),
('rs06', 'RS Islam Aisyiyah', 'Jl.Sulawesi No.16 Malang'),
('rs07', 'RS Islam Malang', 'Jl.MT.Haryono No.139 Malang'),
('rs08', 'RS Permata Bunda', 'Jl.Soekarno Hatta No.75 Malang'),
('rs09', 'RS Hermina Tangkubanprahu', 'Jl.Tangkubanprahu No.31-33 Malang'),
('rs10', 'RS Persada Hospital', 'Jl.Panji Suroso Araya Bussiness Centre Kav.II-IV'),
('rs11', 'RSUD Kota Malang', 'Jl.Rajasa No.27 Kel.Bumiayu Kec.Kedungkandang'),
('rs12', 'RS Universitas Brawijaya', 'Jl.Soekarno Hatta Jatimulyo Lowokwaru Malang'),
('rs13', 'RSIA Husada Bunda', 'Jl.Pahlawan trip No.2 Malang'),
('rs14', 'RSIA Muhammadiyah', 'Jl.KH Wahid Hasyim No.26-30 Malang'),
('rs15', 'RSIA Mardi Waloeja Kauman', 'Jl.Kauman No.23 Malang'),
('rs16', 'RSIA Puri', 'Jl.Taman Slamet No.20 Malang'),
('rs17', 'RSB Permata Hati', 'Jl.Danau Toba E-VI/16-18 Malang'),
('rs18', 'RSIA Puri Bunda', 'Jl.Simpang Sulfat Utara No.60 A Malang'),
('rs19', 'RSIA Mardi Waloeja Rampal', 'Jl.WR.Supratman No.1 Malang'),
('rs20', 'RSIA Mutiara Bunda', 'Jl.Ciujung No.19 Malang'),
('rs21', 'RSIA Melati Husada', 'Jl.Kawi No.32 Malang'),
('rs22', 'RSIA Galeri Candra', 'Jl.Andong No.3 Malang'),
('rs23', 'RSIA Rumkitban 05.08.02 Malang', 'Jl.Panglima Sudirmab E.20 Malang'),
('rs24', 'RSIA Refa Husada', 'Jl.Mayjend Sungkono No.09 Tlogowaru');

-- --------------------------------------------------------

--
-- Table structure for table `puskesmas`
--

CREATE TABLE `puskesmas` (
  `id_puskesmas` int(100) NOT NULL,
  `lat_puskesmas` varchar(100) NOT NULL,
  `long_puskesmas` varchar(100) NOT NULL
) ENGINE=InnoDB DEFAULT CHARSET=latin1;

--
-- Dumping data for table `puskesmas`
--

INSERT INTO `puskesmas` (`id_puskesmas`, `lat_puskesmas`, `long_puskesmas`) VALUES
(1, '-8.000524', '112.620557');

-- --------------------------------------------------------

--
-- Table structure for table `rs`
--

CREATE TABLE `rs` (
  `id_rs` int(100) NOT NULL,
  `lat_rs` varchar(100) NOT NULL,
  `long_rs` varchar(100) NOT NULL
) ENGINE=InnoDB DEFAULT CHARSET=latin1;

--
-- Dumping data for table `rs`
--

INSERT INTO `rs` (`id_rs`, `lat_rs`, `long_rs`) VALUES
(1, '-7.972439', '112.631700');

-- --------------------------------------------------------

--
-- Table structure for table `rute`
--

CREATE TABLE `rute` (
  `id` int(10) NOT NULL,
  `id_node` int(10) DEFAULT NULL,
  `urutan` varchar(50) DEFAULT NULL,
  `id_awal` int(10) DEFAULT NULL,
  `id_lakes` varchar(20) DEFAULT NULL
) ENGINE=InnoDB DEFAULT CHARSET=latin1;

--
-- Dumping data for table `rute`
--

INSERT INTO `rute` (`id`, `id_node`, `urutan`, `id_awal`, `id_lakes`) VALUES
(1, 0, 'A', 1, 'p04'),
(2, 2, 'C', 1, 'p04'),
(3, 1, 'B', 1, 'p04'),
(4, 2, 'C', 1, 'p04'),
(5, 3, 'D', 1, 'p04'),
(6, 4, 'E', 1, 'p04'),
(7, 8, 'I', 1, 'p04'),
(8, 10, 'K', 1, 'p04'),
(9, 11, 'L', 1, 'p04'),
(10, 9, 'J', 1, 'p04'),
(11, 6, 'G', 1, 'p04'),
(12, 5, 'F', 1, 'p04'),
(13, 1, 'B', 1, 'p04'),
(14, 2, 'C', 1, 'p04'),
(15, 3, 'D', 1, 'p04'),
(16, 7, 'H', 1, 'p04'),
(17, 8, 'I', 1, 'p04'),
(18, 0, 'A1', 1, 'k16'),
(19, 12, 'B1', 1, 'k16'),
(20, 13, 'C1', 1, 'k16'),
(21, 14, 'D1', 1, 'k16'),
(22, 20, 'J1', 1, 'k16'),
(23, 21, 'K1', 1, 'k16'),
(24, 22, 'L1', 1, 'k16'),
(25, 19, 'I1', 1, 'k16'),
(26, 18, 'H1', 1, 'k16'),
(27, 17, 'G1', 1, 'k16'),
(28, 16, 'F1', 1, 'k16'),
(29, 15, 'E1', 1, 'k16'),
(30, 14, 'D1', 1, 'k16'),
(31, 20, 'J1', 1, 'k16'),
(32, 21, 'K1', 1, 'k16'),
(33, 22, 'L1', 1, 'k16'),
(34, 23, 'M1', 1, 'k16'),
(35, 24, 'N1', 1, 'k16'),
(36, 25, 'O1', 1, 'k16'),
(37, 26, 'P1', 1, 'k16'),
(38, 27, 'Q1', 1, 'k16'),
(39, 28, 'R1', 1, 'k16'),
(40, 29, 'S1', 1, 'k16'),
(41, 30, 'T1', 1, 'k16'),
(42, 31, 'U1', 1, 'k16'),
(43, 30, 'T1', 1, 'k16'),
(44, 39, 'AC1', 1, 'k16'),
(45, 38, 'AB1', 1, 'k16'),
(46, 43, 'AG1', 1, 'k16'),
(47, 42, 'AF1', 1, 'k16'),
(48, 41, 'AE1', 1, 'k16'),
(49, 40, 'AD1', 1, 'k16'),
(50, 28, 'R1', 1, 'k16'),
(51, 29, 'S1', 1, 'k16'),
(52, 30, 'T1', 1, 'k16'),
(53, 39, 'AC1', 1, 'k16'),
(54, 38, 'AB1', 1, 'k16'),
(55, 43, 'AG1', 1, 'k16'),
(56, 37, 'AA1', 1, 'k16'),
(57, 36, 'Z1', 1, 'k16'),
(58, 35, 'Y1', 1, 'k16'),
(59, 40, 'AD1', 1, 'k16'),
(60, 41, 'AE1', 1, 'k16'),
(61, 42, 'AF1', 1, 'k16'),
(62, 43, 'AG1', 1, 'k16'),
(63, 37, 'AA1', 1, 'k16'),
(64, 36, 'Z1', 1, 'k16'),
(65, 35, 'Y1', 1, 'k16'),
(66, 34, 'X1', 1, 'k16'),
(67, 33, 'W1', 1, 'k16'),
(68, 32, 'V1', 1, 'k16'),
(69, 19, 'I1', 1, 'k16'),
(70, 45, 'A2', 1, 'rs06'),
(71, 46, 'B2', 1, 'rs06'),
(72, 47, 'C2', 1, 'rs06'),
(73, 48, 'D2', 1, 'rs06'),
(74, 49, 'E2', 1, 'rs06'),
(75, 50, 'F2', 1, 'rs06'),
(76, 51, 'G2', 1, 'rs06'),
(77, 52, 'H2', 1, 'rs06'),
(78, 53, 'I2', 1, 'rs06'),
(79, 54, 'J2', 1, 'rs06'),
(80, 55, 'K2', 1, 'rs06'),
(81, 56, 'L2', 1, 'rs06'),
(82, 57, 'M2', 1, 'rs06'),
(83, 58, 'N2', 1, 'rs06'),
(84, 59, 'O2', 1, 'rs06'),
(85, 60, 'P2', 1, 'rs06'),
(86, 61, 'Q2', 1, 'rs06'),
(87, 62, 'R2', 1, 'rs06'),
(88, 63, 'S2', 1, 'rs06'),
(89, 124, 'CB2', 1, 'rs06'),
(90, 123, 'CA2', 1, 'rs06'),
(91, 122, 'BZ2', 1, 'rs06'),
(92, 121, 'BY2', 1, 'rs06'),
(93, 120, 'BX2', 1, 'rs06'),
(94, 119, 'BW2', 1, 'rs06'),
(95, 118, 'BV2', 1, 'rs06'),
(96, 117, 'BU2', 1, 'rs06'),
(97, 116, 'BT2', 1, 'rs06'),
(98, 115, 'BS2', 1, 'rs06'),
(99, 114, 'BR2', 1, 'rs06'),
(100, 113, 'BQ2', 1, 'rs06'),
(101, 112, 'BP2', 1, 'rs06'),
(102, 111, 'BO2', 1, 'rs06'),
(103, 110, 'BN2', 1, 'rs06'),
(104, 109, 'BM2', 1, 'rs06'),
(105, 108, 'BL2', 1, 'rs06'),
(106, 107, 'BK2', 1, 'rs06'),
(107, 106, 'BJ2', 1, 'rs06'),
(108, 105, 'BI2', 1, 'rs06'),
(109, 134, 'CL2', 1, 'rs06'),
(110, 133, 'CK2', 1, 'rs06'),
(111, 132, 'CJ2', 1, 'rs06'),
(112, 131, 'CI2', 1, 'rs06'),
(113, 130, 'CH2', 1, 'rs06'),
(114, 129, 'CG2', 1, 'rs06'),
(115, 128, 'CF2', 1, 'rs06'),
(116, 127, 'CE2', 1, 'rs06'),
(117, 126, 'CD2', 1, 'rs06'),
(118, 125, 'CC2', 1, 'rs06'),
(119, 89, 'AS2', 1, 'rs06'),
(120, 90, 'AT2', 1, 'rs06'),
(121, 91, 'AU2', 1, 'rs06'),
(122, 92, 'AV2', 1, 'rs06'),
(123, 93, 'AW2', 1, 'rs06'),
(124, 94, 'AX2', 1, 'rs06'),
(125, 95, 'AY2', 1, 'rs06'),
(126, 96, 'AZ2', 1, 'rs06'),
(127, 97, 'BA2', 1, 'rs06'),
(128, 98, 'BB2', 1, 'rs06'),
(129, 99, 'BC2', 1, 'rs06'),
(130, 100, 'BD2', 1, 'rs06'),
(131, 101, 'BE2', 1, 'rs06'),
(132, 102, 'BF2', 1, 'rs06'),
(133, 103, 'BG2', 1, 'rs06'),
(134, 104, 'BH2', 1, 'rs06'),
(135, 105, 'BI2', 1, 'rs06'),
(136, 134, 'CL2', 1, 'rs06'),
(137, 133, 'CK2', 1, 'rs06'),
(138, 132, 'CJ2', 1, 'rs06'),
(139, 131, 'CI2', 1, 'rs06'),
(140, 130, 'CH2', 1, 'rs06'),
(141, 129, 'CG2', 1, 'rs06'),
(142, 143, 'CU2', 1, 'rs06'),
(143, 142, 'CT2', 1, 'rs06'),
(144, 141, 'CS2', 1, 'rs06'),
(145, 140, 'CR2', 1, 'rs06'),
(146, 139, 'CQ2', 1, 'rs06'),
(147, 138, 'CP2', 1, 'rs06'),
(148, 137, 'CO2', 1, 'rs06'),
(149, 136, 'CN2', 1, 'rs06'),
(150, 135, 'CM2', 1, 'rs06'),
(151, 89, 'AS2', 1, 'rs06'),
(152, 125, 'CC2', 1, 'rs06'),
(153, 126, 'CD2', 1, 'rs06'),
(154, 127, 'CE2', 1, 'rs06'),
(155, 128, 'CF2', 1, 'rs06'),
(156, 129, 'CG2', 1, 'rs06'),
(157, 143, 'CU2', 1, 'rs06'),
(158, 142, 'CT2', 1, 'rs06'),
(159, 141, 'CS2', 1, 'rs06'),
(160, 140, 'CR2', 1, 'rs06'),
(161, 139, 'CQ2', 1, 'rs06'),
(162, 138, 'CP2', 1, 'rs06'),
(163, 137, 'CO2', 1, 'rs06'),
(164, 136, 'CN2', 1, 'rs06'),
(165, 135, 'CM2', 1, 'rs06'),
(166, 88, 'AR2', 1, 'rs06'),
(167, 87, 'AQ2', 1, 'rs06'),
(168, 86, 'AP2', 1, 'rs06'),
(169, 85, 'AO2', 1, 'rs06'),
(170, 84, 'AN2', 1, 'rs06'),
(171, 83, 'AM2', 1, 'rs06'),
(172, 82, 'AL2', 1, 'rs06'),
(173, 81, 'AK2', 1, 'rs06'),
(174, 80, 'AJ2', 1, 'rs06'),
(175, 79, 'AI2', 1, 'rs06'),
(176, 78, 'AH2', 1, 'rs06'),
(177, 77, 'AG2', 1, 'rs06'),
(178, 76, 'AF2', 1, 'rs06'),
(179, 156, 'DI2', 1, 'rs06'),
(180, 66, 'V2', 1, 'rs06'),
(181, 155, 'DH2', 1, 'rs06'),
(182, 65, 'U2', 1, 'rs06'),
(183, 64, 'T2', 1, 'rs06'),
(184, 63, 'S2', 1, 'rs06'),
(185, 124, 'CB2', 1, 'rs06'),
(186, 123, 'CA2', 1, 'rs06'),
(187, 122, 'BZ2', 1, 'rs06'),
(188, 121, 'BY2', 1, 'rs06'),
(189, 120, 'BX2', 1, 'rs06'),
(190, 119, 'BW2', 1, 'rs06'),
(191, 118, 'BV2', 1, 'rs06'),
(192, 117, 'BU2', 1, 'rs06'),
(193, 116, 'BT2', 1, 'rs06'),
(194, 115, 'BS2', 1, 'rs06'),
(195, 154, 'DF2', 1, 'rs06'),
(196, 153, 'DE2', 1, 'rs06'),
(197, 152, 'DD2', 1, 'rs06'),
(198, 151, 'DC2', 1, 'rs06'),
(199, 150, 'DB2', 1, 'rs06'),
(200, 149, 'DA2', 1, 'rs06'),
(201, 148, 'CZ2', 1, 'rs06'),
(202, 147, 'CY2', 1, 'rs06'),
(203, 146, 'CX2', 1, 'rs06'),
(204, 145, 'CW2', 1, 'rs06'),
(205, 144, 'CV2', 1, 'rs06'),
(206, 46, 'B2', 1, 'rs06'),
(207, 45, 'A2', 1, 'rs06'),
(208, 60, 'P2', 1, 'rs06'),
(209, 59, 'O2', 1, 'rs06'),
(210, 58, 'N2', 1, 'rs06'),
(211, 57, 'M2', 1, 'rs06'),
(212, 56, 'L2', 1, 'rs06'),
(213, 65, 'U2', 1, 'rs06');

-- --------------------------------------------------------

--
-- Table structure for table `tb_awal`
--

CREATE TABLE `tb_awal` (
  `id_awal` int(10) NOT NULL,
  `nama` varchar(50) DEFAULT NULL
) ENGINE=InnoDB DEFAULT CHARSET=latin1;

--
-- Dumping data for table `tb_awal`
--

INSERT INTO `tb_awal` (`id_awal`, `nama`) VALUES
(0, 'kampus'),
(1, 'kos'),
(2, 'polsek sukun');

-- --------------------------------------------------------

--
-- Table structure for table `tb_node`
--

CREATE TABLE `tb_node` (
  `id_node` int(10) NOT NULL,
  `kode` varchar(50) DEFAULT NULL,
  `lat` varchar(50) DEFAULT NULL,
  `lng` varchar(50) DEFAULT NULL
) ENGINE=InnoDB DEFAULT CHARSET=latin1;

--
-- Dumping data for table `tb_node`
--

INSERT INTO `tb_node` (`id_node`, `kode`, `lat`, `lng`) VALUES
(0, 'A', '-8.00373', '112.619287'),
(1, 'B', '-8.002608', '112.619054'),
(2, 'C', '-8.002758', '112.619485'),
(3, 'D', '-8.002811', '112.619684'),
(4, 'E', '-8.003005', '112.620090'),
(5, 'F', '-8.001518', '112.61931'),
(6, 'G', '-8.001458', '112.619459'),
(7, 'H', '-8.001613', '112.619995'),
(8, 'I', '-8.001741', '112.620451'),
(9, 'J', '-8.00088', '112.619603'),
(10, 'K', '-8.001175', '112.620582'),
(11, 'L', '-8.001', '112.620549'),
(12, 'B1', '-8.004026', '112.619235'),
(13, 'C1', '-8.004083', '112.619195'),
(14, 'D1', '-8.004058', '112.619077'),
(15, 'E1', '-8.004002', '112.618891'),
(16, 'F1', '-8.004005', '112.618492'),
(17, 'G1', '-8.004051', '112.618306'),
(18, 'H1', '-8.004341', '112.618319'),
(19, 'I1', '-8.004443', '112.618030'),
(20, 'J1', '-8.005167', '112.618795'),
(21, 'K1', '-8.005155', '112.618576'),
(22, 'L1', '-8.005263', '112.618256'),
(23, 'M1', '-8.005983', '112.618502'),
(24, 'N1', '-8.005948', '112.617788'),
(25, 'O1', '-8.005846', '112.617161'),
(26, 'P1', '-8.005749', '112.616855'),
(27, 'Q1', '-8.005644', '112.616500'),
(28, 'R1', '-8.005209', '112.615555'),
(29, 'S1', '-8.004895', '112.614763'),
(30, 'T1', '-8.004303', '112.613494'),
(31, 'U1', '-8.004181', '112.613201'),
(32, 'V1', '-8.002088', '112.617701'),
(33, 'W1', '-8.002156', '112.617341'),
(34, 'X1', '-8.002001', '112.616541'),
(35, 'Y1', '-8.002585', '112.616287'),
(36, 'Z1', '-8.002204', '112.615291'),
(37, 'AA1', '-8.001883', '112.614491'),
(38, 'AB1', '-8.003027', '112.614030'),
(39, 'AC1', '-8.003415', '112.613861'),
(40, 'AD1', '-8.003463', '112.616203'),
(41, 'AE1', '-8.002939', '112.615183'),
(42, 'AF1', '-8.003198', '112.614982'),
(43, 'AG1', '-8.002819', '112.614124'),
(44, 'A1', '-8.00373', '112.619287'),
(45, 'A2', '-8.00373', '112.619287'),
(46, 'B2', '-8.004026', '112.619235'),
(47, 'C2', '-8.004083', '112.619195'),
(48, 'D2', '-8.004058', '112.619077'),
(49, 'E2', '-8.004002', '112.618891'),
(50, 'F2', '-8.004005', '112.618492'),
(51, 'G2', '-8.004051', '112.618306'),
(52, 'H2', '-8.004341', '112.618319'),
(53, 'I2', '-8.004443', '112.618030'),
(54, 'J2', '-8.002791', '112.618030'),
(55, 'K2', '-8.001429', '112.617739'),
(56, 'L2', '-8.001055', '112.617811'),
(57, 'M2', '-8.001513', '112.619312'),
(58, 'N2', '-8.002092', '112.619162'),
(59, 'O2', '-8.002621', '112.619042'),
(60, 'P2', '-8.002765', '112.619465'),
(61, 'Q2', '-8.003004', '112.620068'),
(62, 'R2', '-8.001743', '112.620469'),
(63, 'S2', '-8.001181', '112.620582'),
(64, 'T2', '-8.000887', '112.619603'),
(65, 'U2', '-8.000422', '112.618138'),
(66, 'V2', '-7.995903', '112.619712'),
(76, 'AF2', '-7.993750', '112.620451'),
(77, 'AG2', '-7.992108', '112.620992'),
(78, 'AH2', '-7.989088', '112.622021'),
(79, 'AI2', '-7.988118', '112.622212'),
(80, 'AJ2', '-7.987109', '112.623201'),
(81, 'AK2', '-7.986578', '112.623545'),
(82, 'AL2', '-7.985162', '112.624725'),
(83, 'AM2', '-7.985996', '112.626573'),
(84, 'AN2', '-7.986688', '112.626324'),
(85, 'AO2', '-7.987109', '112.626145'),
(86, 'AP2', '-7.987887', '112.625925'),
(87, 'AQ2', '-7.988715', '112.625766'),
(88, 'AR2', '-7.989133', '112.625696'),
(89, 'AS2', '-7.989907', '112.626782'),
(90, 'AT2', '-7.990707', '112.627874'),
(91, 'AU2', '-7.990863', '112.628052'),
(92, 'AV2', '-7.990928', '112.628259'),
(93, 'AW2', '-7.991143', '112.628830'),
(94, 'AX2', '-7.992419', '112.628304'),
(95, 'AY2', '-7.994828', '112.627151'),
(96, 'AZ2', '-7.995497', '112.626878'),
(97, 'BA2', '-7.996149', '112.628294'),
(98, 'BB2', '-7.997536', '112.627687'),
(99, 'BC2', '-7.997825', '112.627538'),
(100, 'BD2', '-7.998090', '112.627440'),
(101, 'BE2', '-7.998369', '112.627308'),
(102, 'BF2', '-7.999059', '112.627016'),
(103, 'BG2', '-7.999301', '112.626877'),
(104, 'BH2', '-7.999507', '112.626632'),
(105, 'BI2', '-7.999717', '112.626535'),
(106, 'BJ2', '-7.999941', '112.626559'),
(107, 'BK2', '-8.001350', '112.627248'),
(108, 'BL2', '-8.001606', '112.627361'),
(109, 'BM2', '-8.001824', '112.627431'),
(110, 'BN2', '-8.002151', '112.627465'),
(111, 'BO2', '-8.002410', '112.627459'),
(112, 'BP2', '-8.002726', '112.627430'),
(113, 'BQ2', '-8.002746', '112.626802'),
(114, 'BR2', '-8.002800', '112.626071'),
(115, 'BS2', '-8.002801', '112.625512'),
(116, 'BT2', '-8.002756', '112.625021'),
(117, 'BU2', '-8.002738', '112.624614'),
(118, 'BV2', '-8.002650', '112.624374'),
(119, 'BW2', '-8.002527', '112.624193'),
(120, 'BX2', '-8.002143', '112.623723'),
(121, 'BY2', '-8.001997', '112.623470'),
(122, 'BZ2', '-8.001694', '112.622438'),
(123, 'CA2', '-8.001418', '112.621476'),
(124, 'CB2', '-8.001311', '112.621058'),
(125, 'CC2', '-8.001181', '112.620582'),
(126, 'CD2', '-7.992024', '112.626245'),
(127, 'CE2', '-7.992015', '112.626179'),
(128, 'CF2', '-7.994291', '112.625561'),
(129, 'CG2', '-7.994308', '112.625634'),
(130, 'CH2', '-7.995318', '112.625363'),
(131, 'CI2', '-7.996689', '112.624488'),
(132, 'CJ2', '-7.996967', '112.624860'),
(133, 'CK2', '-7.997470', '112.625315'),
(134, 'CL2', '-7.997917', '112.625624'),
(135, 'CM2', '-7.999444', '112.626303'),
(136, 'CN2', '-7.999717', '112.626535'),
(137, 'CO2', '-7.989174', '112.625762'),
(138, 'CP2', '-7.990985', '112.624492'),
(139, 'CQ2', '-7.991392', '112.624341'),
(140, 'CR2', '-7.991602', '112.624330'),
(141, 'CS2', '-7.991958', '112.624264'),
(142, 'CT2', '-7.992493', '112.624265'),
(143, 'CU2', '-7.993628', '112.624461'),
(144, 'CV2', '-8.004308', '112.620286'),
(145, 'CW2', '-8.004735', '112.620148'),
(146, 'CX2', '-8.006440', '112.619899'),
(147, 'CY2', '-8.006464', '112.620630'),
(148, 'CZ2', '-8.006595', '112.621162'),
(149, 'DA2', '-8.007703', '112.623842'),
(150, 'DB2', '-8.006418', '112.624287'),
(151, 'DC2', '-8.006811', '112.625531'),
(152, 'DD2', '-8.005583', '112.625628'),
(153, 'DE2', '-8.005052', '112.625781'),
(154, 'DF2', '-8.003955', '112.625319'),
(155, 'DH2', '-7.999524', '112.618440'),
(156, 'DI2', '-7.994989', '112.620019');

--
-- Indexes for dumped tables
--

--
-- Indexes for table `a_star`
--
ALTER TABLE `a_star`
  ADD PRIMARY KEY (`id_perbandingan`),
  ADD KEY `FK_perbandingan_tb_awal` (`id_awal`),
  ADD KEY `FK_perbandingan_layanan_kesehatan` (`id_lakes`);

--
-- Indexes for table `djikstra`
--
ALTER TABLE `djikstra`
  ADD PRIMARY KEY (`id`);

--
-- Indexes for table `generate`
--
ALTER TABLE `generate`
  ADD PRIMARY KEY (`id_generate`),
  ADD KEY `FK_generate_layanan_kesehatan` (`id_lakes`),
  ADD KEY `FK_generate_tb_awal` (`id_awal`);

--
-- Indexes for table `klinik`
--
ALTER TABLE `klinik`
  ADD PRIMARY KEY (`id_klinik`);

--
-- Indexes for table `layanan_kesehatan`
--
ALTER TABLE `layanan_kesehatan`
  ADD PRIMARY KEY (`id_lakes`);

--
-- Indexes for table `puskesmas`
--
ALTER TABLE `puskesmas`
  ADD PRIMARY KEY (`id_puskesmas`);

--
-- Indexes for table `rs`
--
ALTER TABLE `rs`
  ADD PRIMARY KEY (`id_rs`);

--
-- Indexes for table `rute`
--
ALTER TABLE `rute`
  ADD PRIMARY KEY (`id`),
  ADD KEY `FK_dijkstra_tb_node` (`id_node`),
  ADD KEY `FK_dijkstra_layanan_kesehatan` (`id_lakes`),
  ADD KEY `FK_dijkstra_tb_awal` (`id_awal`);

--
-- Indexes for table `tb_awal`
--
ALTER TABLE `tb_awal`
  ADD PRIMARY KEY (`id_awal`);

--
-- Indexes for table `tb_node`
--
ALTER TABLE `tb_node`
  ADD PRIMARY KEY (`id_node`);

--
-- AUTO_INCREMENT for dumped tables
--

--
-- AUTO_INCREMENT for table `djikstra`
--
ALTER TABLE `djikstra`
  MODIFY `id` int(10) NOT NULL AUTO_INCREMENT, AUTO_INCREMENT=61;

--
-- AUTO_INCREMENT for table `klinik`
--
ALTER TABLE `klinik`
  MODIFY `id_klinik` int(100) NOT NULL AUTO_INCREMENT, AUTO_INCREMENT=15;

--
-- AUTO_INCREMENT for table `puskesmas`
--
ALTER TABLE `puskesmas`
  MODIFY `id_puskesmas` int(100) NOT NULL AUTO_INCREMENT, AUTO_INCREMENT=2;

--
-- AUTO_INCREMENT for table `rs`
--
ALTER TABLE `rs`
  MODIFY `id_rs` int(100) NOT NULL AUTO_INCREMENT, AUTO_INCREMENT=2;

--
-- AUTO_INCREMENT for table `rute`
--
ALTER TABLE `rute`
  MODIFY `id` int(10) NOT NULL AUTO_INCREMENT, AUTO_INCREMENT=214;

--
-- Constraints for dumped tables
--

--
-- Constraints for table `a_star`
--
ALTER TABLE `a_star`
  ADD CONSTRAINT `FK_perbandingan_layanan_kesehatan` FOREIGN KEY (`id_lakes`) REFERENCES `layanan_kesehatan` (`id_lakes`),
  ADD CONSTRAINT `FK_perbandingan_tb_awal` FOREIGN KEY (`id_awal`) REFERENCES `tb_awal` (`id_awal`);

--
-- Constraints for table `generate`
--
ALTER TABLE `generate`
  ADD CONSTRAINT `FK_generate_layanan_kesehatan` FOREIGN KEY (`id_lakes`) REFERENCES `layanan_kesehatan` (`id_lakes`),
  ADD CONSTRAINT `FK_generate_tb_awal` FOREIGN KEY (`id_awal`) REFERENCES `tb_awal` (`id_awal`);

--
-- Constraints for table `rute`
--
ALTER TABLE `rute`
  ADD CONSTRAINT `FK_dijkstra_layanan_kesehatan` FOREIGN KEY (`id_lakes`) REFERENCES `layanan_kesehatan` (`id_lakes`),
  ADD CONSTRAINT `FK_dijkstra_tb_awal` FOREIGN KEY (`id_awal`) REFERENCES `tb_awal` (`id_awal`),
  ADD CONSTRAINT `FK_dijkstra_tb_node` FOREIGN KEY (`id_node`) REFERENCES `tb_node` (`id_node`);
COMMIT;

/*!40101 SET CHARACTER_SET_CLIENT=@OLD_CHARACTER_SET_CLIENT */;
/*!40101 SET CHARACTER_SET_RESULTS=@OLD_CHARACTER_SET_RESULTS */;
/*!40101 SET COLLATION_CONNECTION=@OLD_COLLATION_CONNECTION */;
